Workbook

Sheet Medical_Examinations
A1: Customer ID | B1: BMI | C1: Weight Status | D1: HBA1C | E1: Diabetes Status | F1: Heart Issues | G1: Any Transplants | H1: Cancer history | I1: NumberOfMajorSurgeries | J1: NumberOfMajorSurgeries 2 | K1: smoker | L1: Column9 | M1: Column10 | N1: Column11 | O1: Column12 | P1: Column13 | Q1: Column14
A2: Id1 | B2: 47.41 | C2: {=_xlfn.IFS(B2<=18.5, "Underweight",B2<=24.9,"Normal weight",B2<=29.9, "Over weight",B2>=30,"Obesity")} -> Obesity | D2: 7.47 | E2: {=_xlfn.IFS(D2<5.7,"Normal",D2<=6.4,"Prediabetes",D2>=6.5,"Diabetes")} -> Diabetes | F2: No | G2: No | H2: No | I2: No major surgery | J2: 0 | K2: Yes | O2: 1 | P2: Customer ID | Q2: 0
A3: Id2 | B3: 30.36 | C3: {=_xlfn.IFS(B3<=18.5, "Underweight",B3<=24.9,"Normal weight",B3<=29.9, "Over weight",B3>=30,"Obesity")} -> Obesity | D3: 5.77 | E3: {=_xlfn.IFS(D3<5.7,"Normal",D3<=6.4,"Prediabetes",D3>=6.5,"Diabetes")} -> Prediabetes | F3: No | G3: No | H3: No | I3: No major surgery | J3: 0 | K3: Yes | P3: BMI | Q3: 0
A4: Id3 | B4: 34.485 | C4: {=_xlfn.IFS(B4<=18.5, "Underweight",B4<=24.9,"Normal weight",B4<=29.9, "Over weight",B4>=30,"Obesity")} -> Obesity | D4: 11.87 | E4: {=_xlfn.IFS(D4<5.7,"Normal",D4<=6.4,"Prediabetes",D4>=6.5,"Diabetes")} -> Diabetes | F4: Yes | G4: No | H4: No | I4: 2 | J4: 2 | K4: Yes | P4: HBA1C | Q4: 0
A5: Id4 | B5: 38.095 | C5: {=_xlfn.IFS(B5<=18.5, "Underweight",B5<=24.9,"Normal weight",B5<=29.9, "Over weight",B5>=30,"Obesity")} -> Obesity | D5: 6.05 | E5: {=_xlfn.IFS(D5<5.7,"Normal",D5<=6.4,"Prediabetes",D5>=6.5,"Diabetes")} -> Prediabetes | F5: No | G5: No | H5: No | I5: No major surgery | J5: 0 | K5: Yes | P5: Heart Issues | Q5: 0
A6: Id5 | B6: 35.53 | C6: {=_xlfn.IFS(B6<=18.5, "Underweight",B6<=24.9,"Normal weight",B6<=29.9, "Over weight",B6>=30,"Obesity")} -> Obesity | D6: 5.45 | E6: {=_xlfn.IFS(D6<5.7,"Normal",D6<=6.4,"Prediabetes",D6>=6.5,"Diabetes")} -> Normal | F6: No | G6: No | H6: No | I6: No major surgery | J6: 0 | K6: Yes | P6: Any transplants | Q6: 0
A7: Id6 | B7: 32.8 | C7: {=_xlfn.IFS(B7<=18.5, "Underweight",B7<=24.9,"Normal weight",B7<=29.9, "Over weight",B7>=30,"Obesity")} -> Obesity | D7: 6.59 | E7: {=_xlfn.IFS(D7<5.7,"Normal",D7<=6.4,"Prediabetes",D7>=6.5,"Diabetes")} -> Diabetes | F7: No | G7: No | H7: No | I7: No major surgery | J7: 0 | K7: Yes | P7: Cancer history | Q7: 0
A8: Id7 | B8: 36.4 | C8: {=_xlfn.IFS(B8<=18.5, "Underweight",B8<=24.9,"Normal weight",B8<=29.9, "Over weight",B8>=30,"Obesity")} -> Obesity | D8: 6.07 | E8: {=_xlfn.IFS(D8<5.7,"Normal",D8<=6.4,"Prediabetes",D8>=6.5,"Diabetes")} -> Prediabetes | F8: No | G8: No | H8: No | I8: No major surgery | J8: 0 | K8: Yes | P8: No.of surgeries | Q8: 0
A9: Id8 | B9: 36.96 | C9: {=_xlfn.IFS(B9<=18.5, "Underweight",B9<=24.9,"Normal weight",B9<=29.9, "Over weight",B9>=30,"Obesity")} -> Obesity | D9: 7.93 | E9: {=_xlfn.IFS(D9<5.7,"Normal",D9<=6.4,"Prediabetes",D9>=6.5,"Diabetes")} -> Diabetes | F9: No | G9: No | H9: No | I9: 3 | J9: 3 | K9: Yes | P9: Smoker | Q9: 2
A10: Id9 | B10: 41.14 | C10: {=_xlfn.IFS(B10<=18.5, "Underweight",B10<=24.9,"Normal weight",B10<=29.9, "Over weight",B10>=30,"Obesity")} -> Obesity | D10: 9.58 | E10: {=_xlfn.IFS(D10<5.7,"Normal",D10<=6.4,"Prediabetes",D10>=6.5,"Diabetes")} -> Diabetes | F10: Yes | G10: No | H10: Yes | I10: 1 | J10: 1 | K10: Yes
A11: Id10 | B11: 38.06 | C11: {=_xlfn.IFS(B11<=18.5, "Underweight",B11<=24.9,"Normal weight",B11<=29.9, "Over weight",B11>=30,"Obesity")} -> Obesity | D11: 10.79 | E11: {=_xlfn.IFS(D11<5.7,"Normal",D11<=6.4,"Prediabetes",D11>=6.5,"Diabetes")} -> Diabetes | F11: No | G11: No | H11: No | I11: No major surgery | J11: 0 | K11: Yes
A12: Id11 | B12: 37.7 | C12: {=_xlfn.IFS(B12<=18.5, "Underweight",B12<=24.9,"Normal weight",B12<=29.9, "Over weight",B12>=30,"Obesity")} -> Obesity | D12: 5.96 | E12: {=_xlfn.IFS(D12<5.7,"Normal",D12<=6.4,"Prediabetes",D12>=6.5,"Diabetes")} -> Prediabetes | F12: Yes | G12: No | H12: No | I12: 2 | J12: 2 | K12: Yes
A13: Id12 | B13: 42.13 | C13: {=_xlfn.IFS(B13<=18.5, "Underweight",B13<=24.9,"Normal weight",B13<=29.9, "Over weight",B13>=30,"Obesity")} -> Obesity | D13: 11.9 | E13: {=_xlfn.IFS(D13<5.7,"Normal",D13<=6.4,"Prediabetes",D13>=6.5,"Diabetes")} -> Diabetes | F13: No | G13: No | H13: No | I13: No major surgery | J13: 0 | K13: Yes
A14: Id13 | B14: 40.92 | C14: {=_xlfn.IFS(B14<=18.5, "Underweight",B14<=24.9,"Normal weight",B14<=29.9, "Over weight",B14>=30,"Obesity")} -> Obesity | D14: 8.41 | E14: {=_xlfn.IFS(D14<5.7,"Normal",D14<=6.4,"Prediabetes",D14>=6.5,"Diabetes")} -> Diabetes | F14: No | G14: No | H14: No | I14: No major surgery | J14: 0 | K14: Yes
A15: Id14 | B15: 40.565 | C15: {=_xlfn.IFS(B15<=18.5, "Underweight",B15<=24.9,"Normal weight",B15<=29.9, "Over weight",B15>=30,"Obesity")} -> Obesity | D15: 7.02 | E15: {=_xlfn.IFS(D15<5.7,"Normal",D15<=6.4,"Prediabetes",D15>=6.5,"Diabetes")} -> Diabetes | F15: No | G15: No | H15: No | I15: No major surgery | J15: 0 | K15: Yes
A16: Id15 | B16: 36.385 | C16: {=_xlfn.IFS(B16<=18.5, "Underweight",B16<=24.9,"Normal weight",B16<=29.9, "Over weight",B16>=30,"Obesity")} -> Obesity | D16: 7.59 | E16: {=_xlfn.IFS(D16<5.7,"Normal",D16<=6.4,"Prediabetes",D16>=6.5,"Diabetes")} -> Diabetes | F16: Yes | G16: No | H16: No | I16: 2 | J16: 2 | K16: Yes
A17: Id16 | B17: 39.9 | C17: {=_xlfn.IFS(B17<=18.5, "Underweight",B17<=24.9,"Normal weight",B17<=29.9, "Over weight",B17>=30,"Obesity")} -> Obesity | D17: 11.32 | E17: {=_xlfn.IFS(D17<5.7,"Normal",D17<=6.4,"Prediabetes",D17>=6.5,"Diabetes")} -> Diabetes | F17: No | G17: No | H17: No | I17: No major surgery | J17: 0 | K17: Yes
A18: Id17 | B18: 33.8 | C18: {=_xlfn.IFS(B18<=18.5, "Underweight",B18<=24.9,"Normal weight",B18<=29.9, "Over weight",B18>=30,"Obesity")} -> Obesity | D18: 7.67 | E18: {=_xlfn.IFS(D18<5.7,"Normal",D18<=6.4,"Prediabetes",D18>=6.5,"Diabetes")} -> Diabetes | F18: No | G18: No | H18: No | I18: 3 | J18: 3 | K18: Yes
A19: Id18 | B19: 36.765 | C19: {=_xlfn.IFS(B19<=18.5, "Underweight",B19<=24.9,"Normal weight",B19<=29.9, "Over weight",B19>=30,"Obesity")} -> Obesity | D19: 7.29 | E19: {=_xlfn.IFS(D19<5.7,"Normal",D19<=6.4,"Prediabetes",D19>=6.5,"Diabetes")} -> Diabetes | F19: Yes | G19: No | H19: Yes | I19: 1 | J19: 1 | K19: Yes
A20: Id19 | B20: 36.955 | C20: {=_xlfn.IFS(B20<=18.5, "Underweight",B20<=24.9,"Normal weight",B20<=29.9, "Over weight",B20>=30,"Obesity")} -> Obesity | D20: 4.72 | E20: {=_xlfn.IFS(D20<5.7,"Normal",D20<=6.4,"Prediabetes",D20>=6.5,"Diabetes")} -> Normal | F20: Yes | G20: No | H20: No | I20: 1 | J20: 1 | K20: Yes
A21: Id20 | B21: 42.9 | C21: {=_xlfn.IFS(B21<=18.5, "Underweight",B21<=24.9,"Normal weight",B21<=29.9, "Over weight",B21>=30,"Obesity")} -> Obesity | D21: 11.41 | E21: {=_xlfn.IFS(D21<5.7,"Normal",D21<=6.4,"Prediabetes",D21>=6.5,"Diabetes")} -> Diabetes | F21: No | G21: No | H21: No | I21: No major surgery | J21: 0 | K21: Yes
A22: Id21 | B22: 36.3 | C22: {=_xlfn.IFS(B22<=18.5, "Underweight",B22<=24.9,"Normal weight",B22<=29.9, "Over weight",B22>=30,"Obesity")} -> Obesity | D22: 11.5 | E22: {=_xlfn.IFS(D22<5.7,"Normal",D22<=6.4,"Prediabetes",D22>=6.5,"Diabetes")} -> Diabetes | F22: Yes | G22: No | H22: No | I22: 2 | J22: 2 | K22: Yes
A23: Id22 | B23: 32.2 | C23: {=_xlfn.IFS(B23<=18.5, "Underweight",B23<=24.9,"Normal weight",B23<=29.9, "Over weight",B23>=30,"Obesity")} -> Obesity | D23: 6.22 | E23: {=_xlfn.IFS(D23<5.7,"Normal",D23<=6.4,"Prediabetes",D23>=6.5,"Diabetes")} -> Prediabetes | F23: Yes | G23: No | H23: No | I23: 2 | J23: 2 | K23: Yes
A24: Id23 | B24: 31.3 | C24: {=_xlfn.IFS(B24<=18.5, "Underweight",B24<=24.9,"Normal weight",B24<=29.9, "Over weight",B24>=30,"Obesity")} -> Obesity | D24: 11.38 | E24: {=_xlfn.IFS(D24<5.7,"Normal",D24<=6.4,"Prediabetes",D24>=6.5,"Diabetes")} -> Diabetes | F24: No | G24: No | H24: No | I24: 3 | J24: 3 | K24: Yes
A25: Id24 | B25: 41.8 | C25: {=_xlfn.IFS(B25<=18.5, "Underweight",B25<=24.9,"Normal weight",B25<=29.9, "Over weight",B25>=30,"Obesity")} -> Obesity | D25: 7.89 | E25: {=_xlfn.IFS(D25<5.7,"Normal",D25<=6.4,"Prediabetes",D25>=6.5,"Diabetes")} -> Diabetes | F25: Yes | G25: No | H25: No | I25: 2 | J25: 2 | K25: Yes
A26: Id25 | B26: 35.09 | C26: {=_xlfn.IFS(B26<=18.5, "Underweight",B26<=24.9,"Normal weight",B26<=29.9, "Over weight",B26>=30,"Obesity")} -> Obesity | D26: 4.38 | E26: {=_xlfn.IFS(D26<5.7,"Normal",D26<=6.4,"Prediabetes",D26>=6.5,"Diabetes")} -> Normal | F26: Yes | G26: No | H26: No | I26: 2 | J26: 2 | K26: Yes
A27: Id26 | B27: 33.88 | C27: {=_xlfn.IFS(B27<=18.5, "Underweight",B27<=24.9,"Normal weight",B27<=29.9, "Over weight",B27>=30,"Obesity")} -> Obesity | D27: 7.01 | E27: {=_xlfn.IFS(D27<5.7,"Normal",D27<=6.4,"Prediabetes",D27>=6.5,"Diabetes")} -> Diabetes | F27: No | G27: No | H27: No | I27: 3 | J27: 3 | K27: Yes
A28: Id27 | B28: 30.875 | C28: {=_xlfn.IFS(B28<=18.5, "Underweight",B28<=24.9,"Normal weight",B28<=29.9, "Over weight",B28>=30,"Obesity")} -> Obesity | D28: 11.88 | E28: {=_xlfn.IFS(D28<5.7,"Normal",D28<=6.4,"Prediabetes",D28>=6.5,"Diabetes")} -> Diabetes | F28: No | G28: No | H28: No | I28: No major surgery | J28: 0 | K28: Yes
A29: Id28 | B29: 36.86 | C29: {=_xlfn.IFS(B29<=18.5, "Underweight",B29<=24.9,"Normal weight",B29<=29.9, "Over weight",B29>=30,"Obesity")} -> Obesity | D29: 5.19 | E29: {=_xlfn.IFS(D29<5.7,"Normal",D29<=6.4,"Prediabetes",D29>=6.5,"Diabetes")} -> Normal | F29: Yes | G29: No | H29: Yes | I29: 1 | J29: 1 | K29: Yes
A30: Id29 | B30: 35.86 | C30: {=_xlfn.IFS(B30<=18.5, "Underweight",B30<=24.9,"Normal weight",B30<=29.9, "Over weight",B30>=30,"Obesity")} -> Obesity | D30: 6.74 | E30: {=_xlfn.IFS(D30<5.7,"Normal",D30<=6.4,"Prediabetes",D30>=6.5,"Diabetes")} -> Diabetes | F30: Yes | G30: No | H30: No | I30: 2 | J30: 2 | K30: Yes
A31: Id30 | B31: 37.05 | C31: {=_xlfn.IFS(B31<=18.5, "Underweight",B31<=24.9,"Normal weight",B31<=29.9, "Over weight",B31>=30,"Obesity")} -> Obesity | D31: 8.44 | E31: {=_xlfn.IFS(D31<5.7,"Normal",D31<=6.4,"Prediabetes",D31>=6.5,"Diabetes")} -> Diabetes | F31: No | G31: No | H31: No | I31: No major surgery | J31: 0 | K31: Yes
A32: Id31 | B32: 43.89 | C32: {=_xlfn.IFS(B32<=18.5, "Underweight",B32<=24.9,"Normal weight",B32<=29.9, "Over weight",B32>=30,"Obesity")} -> Obesity | D32: 8.71 | E32: {=_xlfn.IFS(D32<5.7,"Normal",D32<=6.4,"Prediabetes",D32>=6.5,"Diabetes")} -> Diabetes | F32: No | G32: No | H32: No | I32: No major surgery | J32: 0 | K32: Yes
A33: Id32 | B33: 42.35 | C33: {=_xlfn.IFS(B33<=18.5, "Underweight",B33<=24.9,"Normal weight",B33<=29.9, "Over weight",B33>=30,"Obesity")} -> Obesity | D33: 5.08 | E33: {=_xlfn.IFS(D33<5.7,"Normal",D33<=6.4,"Prediabetes",D33>=6.5,"Diabetes")} -> Normal | F33: Yes | G33: No | H33: No | I33: No major surgery | J33: 0 | K33: Yes
A34: Id33 | B34: 31.35 | C34: {=_xlfn.IFS(B34<=18.5, "Underweight",B34<=24.9,"Normal weight",B34<=29.9, "Over weight",B34>=30,"Obesity")} -> Obesity | D34: 6.86 | E34: {=_xlfn.IFS(D34<5.7,"Normal",D34<=6.4,"Prediabetes",D34>=6.5,"Diabetes")} -> Diabetes | F34: No | G34: No | H34: No | I34: No major surgery | J34: 0 | K34: Yes
A35: Id34 | B35: 47.6 | C35: {=_xlfn.IFS(B35<=18.5, "Underweight",B35<=24.9,"Normal weight",B35<=29.9, "Over weight",B35>=30,"Obesity")} -> Obesity | D35: 5.95 | E35: {=_xlfn.IFS(D35<5.7,"Normal",D35<=6.4,"Prediabetes",D35>=6.5,"Diabetes")} -> Prediabetes | F35: Yes | G35: No | H35: No | I35: No major surgery | J35: 0 | K35: Yes
A36: Id35 | B36: 46.2 | C36: {=_xlfn.IFS(B36<=18.5, "Underweight",B36<=24.9,"Normal weight",B36<=29.9, "Over weight",B36>=30,"Obesity")} -> Obesity | D36: 6.09 | E36: {=_xlfn.IFS(D36<5.7,"Normal",D36<=6.4,"Prediabetes",D36>=6.5,"Diabetes")} -> Prediabetes | F36: No | G36: No | H36: Yes | I36: 1 | J36: 1 | K36: Yes
A37: Id36 | B37: 32.015 | C37: {=_xlfn.IFS(B37<=18.5, "Underweight",B37<=24.9,"Normal weight",B37<=29.9, "Over weight",B37>=30,"Obesity")} -> Obesity | D37: 11.75 | E37: {=_xlfn.IFS(D37<5.7,"Normal",D37<=6.4,"Prediabetes",D37>=6.5,"Diabetes")} -> Diabetes | F37: No | G37: No | H37: No | I37: No major surgery | J37: 0 | K37: Yes
A38: Id37 | B38: 40.565 | C38: {=_xlfn.IFS(B38<=18.5, "Underweight",B38<=24.9,"Normal weight",B38<=29.9, "Over weight",B38>=30,"Obesity")} -> Obesity | D38: 7.37 | E38: {=_xlfn.IFS(D38<5.7,"Normal",D38<=6.4,"Prediabetes",D38>=6.5,"Diabetes")} -> Diabetes | F38: No | G38: No | H38: No | I38: No major surgery | J38: 0 | K38: Yes
A39: Id38 | B39: 32.45 | C39: {=_xlfn.IFS(B39<=18.5, "Underweight",B39<=24.9,"Normal weight",B39<=29.9, "Over weight",B39>=30,"Obesity")} -> Obesity | D39: 11.91 | E39: {=_xlfn.IFS(D39<5.7,"Normal",D39<=6.4,"Prediabetes",D39>=6.5,"Diabetes")} -> Diabetes | F39: No | G39: No | H39: No | I39: No major surgery | J39: 0 | K39: Yes
A40: Id39 | B40: 34.96 | C40: {=_xlfn.IFS(B40<=18.5, "Underweight",B40<=24.9,"Normal weight",B40<=29.9, "Over weight",B40>=30,"Obesity")} -> Obesity | D40: 6.52 | E40: {=_xlfn.IFS(D40<5.7,"Normal",D40<=6.4,"Prediabetes",D40>=6.5,"Diabetes")} -> Diabetes | F40: No | G40: No | H40: No | I40: No major surgery | J40: 0 | K40: Yes
A41: Id40 | B41: 35.5 | C41: {=_xlfn.IFS(B41<=18.5, "Underweight",B41<=24.9,"Normal weight",B41<=29.9, "Over weight",B41>=30,"Obesity")} -> Obesity | D41: 5.14 | E41: {=_xlfn.IFS(D41<5.7,"Normal",D41<=6.4,"Prediabetes",D41>=6.5,"Diabetes")} -> Normal | F41: No | G41: No | H41: Yes | I41: 1 | J41: 1 | K41: Yes
A42: Id41 | B42: 52.58 | C42: {=_xlfn.IFS(B42<=18.5, "Underweight",B42<=24.9,"Normal weight",B42<=29.9, "Over weight",B42>=30,"Obesity")} -> Obesity | D42: 4.19 | E42: {=_xlfn.IFS(D42<5.7,"Normal",D42<=6.4,"Prediabetes",D42>=6.5,"Diabetes")} -> Normal | F42: No | G42: yes | H42: No | I42: 1 | J42: 1 | K42: Yes
A43: Id42 | B43: 35.2 | C43: {=_xlfn.IFS(B43<=18.5, "Underweight",B43<=24.9,"Normal weight",B43<=29.9, "Over weight",B43>=30,"Obesity")} -> Obesity | D43: 11.68 | E43: {=_xlfn.IFS(D43<5.7,"Normal",D43<=6.4,"Prediabetes",D43>=6.5,"Diabetes")} -> Diabetes | F43: Yes | G43: No | H43: No | I43: No major surgery | J43: 0 | K43: Yes
A44: Id43 | B44: 38.06 | C44: {=_xlfn.IFS(B44<=18.5, "Underweight",B44<=24.9,"Normal weight",B44<=29.9, "Over weight",B44>=30,"Obesity")} -> Obesity | D44: 6.98 | E44: {=_xlfn.IFS(D44<5.7,"Normal",D44<=6.4,"Prediabetes",D44>=6.5,"Diabetes")} -> Diabetes | F44: No | G44: No | H44: No | I44: No major surgery | J44: 0 | K44: Yes
A45: Id44 | B45: 34.21 | C45: {=_xlfn.IFS(B45<=18.5, "Underweight",B45<=24.9,"Normal weight",B45<=29.9, "Over weight",B45>=30,"Obesity")} -> Obesity | D45: 8.34 | E45: {=_xlfn.IFS(D45<5.7,"Normal",D45<=6.4,"Prediabetes",D45>=6.5,"Diabetes")} -> Diabetes | F45: No | G45: No | H45: No | I45: No major surgery | J45: 0 | K45: Yes
A46: Id45 | B46: 38.94 | C46: {=_xlfn.IFS(B46<=18.5, "Underweight",B46<=24.9,"Normal weight",B46<=29.9, "Over weight",B46>=30,"Obesity")} -> Obesity | D46: 8.49 | E46: {=_xlfn.IFS(D46<5.7,"Normal",D46<=6.4,"Prediabetes",D46>=6.5,"Diabetes")} -> Diabetes | F46: Yes | G46: No | H46: No | I46: 1 | J46: 1 | K46: Yes
A47: Id46 | B47: 30.21 | C47: {=_xlfn.IFS(B47<=18.5, "Underweight",B47<=24.9,"Normal weight",B47<=29.9, "Over weight",B47>=30,"Obesity")} -> Obesity | D47: 5.34 | E47: {=_xlfn.IFS(D47<5.7,"Normal",D47<=6.4,"Prediabetes",D47>=6.5,"Diabetes")} -> Normal | F47: Yes | G47: No | H47: No | I47: 1 | J47: 1 | K47: Yes
A48: Id47 | B48: 33.63 | C48: {=_xlfn.IFS(B48<=18.5, "Underweight",B48<=24.9,"Normal weight",B48<=29.9, "Over weight",B48>=30,"Obesity")} -> Obesity | D48: 4.43 | E48: {=_xlfn.IFS(D48<5.7,"Normal",D48<=6.4,"Prediabetes",D48>=6.5,"Diabetes")} -> Normal | F48: Yes | G48: No | H48: No | I48: 2 | J48: 2 | K48: Yes
A49: Id48 | B49: 40.37 | C49: {=_xlfn.IFS(B49<=18.5, "Underweight",B49<=24.9,"Normal weight",B49<=29.9, "Over weight",B49>=30,"Obesity")} -> Obesity | D49: 4.47 | E49: {=_xlfn.IFS(D49<5.7,"Normal",D49<=6.4,"Prediabetes",D49>=6.5,"Diabetes")} -> Normal | F49: No | G49: No | H49: No | I49: No major surgery | J49: 0 | K49: Yes
A50: Id49 | B50: 53.09 | C50: {=_xlfn.IFS(B50<=18.5, "Underweight",B50<=24.9,"Normal weight",B50<=29.9, "Over weight",B50>=30,"Obesity")} -> Obesity | D50: 4.82 | E50: {=_xlfn.IFS(D50<5.7,"Normal",D50<=6.4,"Prediabetes",D50>=6.5,"Diabetes")} -> Normal | F50: Yes | G50: No | H50: No | I50: 2 | J50: 2 | K50: Yes
A51: Id50 | B51: 31.79 | C51: {=_xlfn.IFS(B51<=18.5, "Underweight",B51<=24.9,"Normal weight",B51<=29.9, "Over weight",B51>=30,"Obesity")} -> Obesity | D51: 5.51 | E51: {=_xlfn.IFS(D51<5.7,"Normal",D51<=6.4,"Prediabetes",D51>=6.5,"Diabetes")} -> Normal | F51: Yes | G51: No | H51: No | I51: 2 | J51: 2 | K51: Yes
A52: Id51 | B52: 41.895 | C52: {=_xlfn.IFS(B52<=18.5, "Underweight",B52<=24.9,"Normal weight",B52<=29.9, "Over weight",B52>=30,"Obesity")} -> Obesity | D52: 10.87 | E52: {=_xlfn.IFS(D52<5.7,"Normal",D52<=6.4,"Prediabetes",D52>=6.5,"Diabetes")} -> Diabetes | F52: Yes | G52: No | H52: No | I52: 1 | J52: 1 | K52: Yes
A53: Id52 | B53: 31.16 | C53: {=_xlfn.IFS(B53<=18.5, "Underweight",B53<=24.9,"Normal weight",B53<=29.9, "Over weight",B53>=30,"Obesity")} -> Obesity | D53: 9.34 | E53: {=_xlfn.IFS(D53<5.7,"Normal",D53<=6.4,"Prediabetes",D53>=6.5,"Diabetes")} -> Diabetes | F53: No | G53: No | H53: No | I53: No major surgery | J53: 0 | K53: Yes
A54: Id53 | B54: 34.105 | C54: {=_xlfn.IFS(B54<=18.5, "Underweight",B54<=24.9,"Normal weight",B54<=29.9, "Over weight",B54>=30,"Obesity")} -> Obesity | D54: 5.03 | E54: {=_xlfn.IFS(D54<5.7,"Normal",D54<=6.4,"Prediabetes",D54>=6.5,"Diabetes")} -> Normal | F54: Yes | G54: No | H54: Yes | I54: 1 | J54: 1 | K54: Yes
A55: Id54 | B55: 51.93 | C55: {=_xlfn.IFS(B55<=18.5, "Underweight",B55<=24.9,"Normal weight",B55<=29.9, "Over weight",B55>=30,"Obesity")} -> Obesity | D55: 11.05 | E55: {=_xlfn.IFS(D55<5.7,"Normal",D55<=6.4,"Prediabetes",D55>=6.5,"Diabetes")} -> Diabetes | F55: No | G55: No | H55: No | I55: No major surgery | J55: 0 | K55: Yes
A56: Id55 | B56: 38.95 | C56: {=_xlfn.IFS(B56<=18.5, "Underweight",B56<=24.9,"Normal weight",B56<=29.9, "Over weight",B56>=30,"Obesity")} -> Obesity | D56: 11.95 | E56: {=_xlfn.IFS(D56<5.7,"Normal",D56<=6.4,"Prediabetes",D56>=6.5,"Diabetes")} -> Diabetes | F56: No | G56: No | H56: No | I56: No major surgery | J56: 0 | K56: Yes
A57: Id56 | B57: 36.63 | C57: {=_xlfn.IFS(B57<=18.5, "Underweight",B57<=24.9,"Normal weight",B57<=29.9, "Over weight",B57>=30,"Obesity")} -> Obesity | D57: 7.72 | E57: {=_xlfn.IFS(D57<5.7,"Normal",D57<=6.4,"Prediabetes",D57>=6.5,"Diabetes")} -> Diabetes | F57: Yes | G57: No | H57: No | I57: 1 | J57: 1 | K57: Yes
A58: Id57 | B58: 34.2 | C58: {=_xlfn.IFS(B58<=18.5, "Underweight",B58<=24.9,"Normal weight",B58<=29.9, "Over weight",B58>=30,"Obesity")} -> Obesity | D58: 5.75 | E58: {=_xlfn.IFS(D58<5.7,"Normal",D58<=6.4,"Prediabetes",D58>=6.5,"Diabetes")} -> Prediabetes | F58: No | G58: No | H58: No | I58: 2 | J58: 2 | K58: Yes
A59: Id58 | B59: 50.63 | C59: {=_xlfn.IFS(B59<=18.5, "Underweight",B59<=24.9,"Normal weight",B59<=29.9, "Over weight",B59>=30,"Obesity")} -> Obesity | D59: 11.89 | E59: {=_xlfn.IFS(D59<5.7,"Normal",D59<=6.4,"Prediabetes",D59>=6.5,"Diabetes")} -> Diabetes | F59: No | G59: No | H59: No | I59: No major surgery | J59: 0 | K59: Yes
A60: Id59 | B60: 36.48 | C60: {=_xlfn.IFS(B60<=18.5, "Underweight",B60<=24.9,"Normal weight",B60<=29.9, "Over weight",B60>=30,"Obesity")} -> Obesity | D60: 6.2 | E60: {=_xlfn.IFS(D60<5.7,"Normal",D60<=6.4,"Prediabetes",D60>=6.5,"Diabetes")} -> Prediabetes | F60: No | G60: No | H60: No | I60: No major surgery | J60: 0 | K60: Yes
A61: Id60 | B61: 54.82 | C61: {=_xlfn.IFS(B61<=18.5, "Underweight",B61<=24.9,"Normal weight",B61<=29.9, "Over weight",B61>=30,"Obesity")} -> Obesity | D61: 10.61 | E61: {=_xlfn.IFS(D61<5.7,"Normal",D61<=6.4,"Prediabetes",D61>=6.5,"Diabetes")} -> Diabetes | F61: No | G61: No | H61: No | I61: No major surgery | J61: 0 | K61: Yes
A62: Id61 | B62: 38.06 | C62: {=_xlfn.IFS(B62<=18.5, "Underweight",B62<=24.9,"Normal weight",B62<=29.9, "Over weight",B62>=30,"Obesity")} -> Obesity | D62: 6.04 | E62: {=_xlfn.IFS(D62<5.7,"Normal",D62<=6.4,"Prediabetes",D62>=6.5,"Diabetes")} -> Prediabetes | F62: No | G62: No | H62: Yes | I62: 1 | J62: 1 | K62: Yes
A63: Id62 | B63: 51.48 | C63: {=_xlfn.IFS(B63<=18.5, "Underweight",B63<=24.9,"Normal weight",B63<=29.9, "Over weight",B63>=30,"Obesity")} -> Obesity | D63: 9.33 | E63: {=_xlfn.IFS(D63<5.7,"Normal",D63<=6.4,"Prediabetes",D63>=6.5,"Diabetes")} -> Diabetes | F63: Yes | G63: No | H63: No | I63: No major surgery | J63: 0 | K63: Yes
A64: Id63 | B64: 52.06 | C64: {=_xlfn.IFS(B64<=18.5, "Underweight",B64<=24.9,"Normal weight",B64<=29.9, "Over weight",B64>=30,"Obesity")} -> Obesity | D64: 11.47 | E64: {=_xlfn.IFS(D64<5.7,"Normal",D64<=6.4,"Prediabetes",D64>=6.5,"Diabetes")} -> Diabetes | F64: No | G64: No | H64: No | I64: No major surgery | J64: 0 | K64: Yes
A65: Id64 | B65: 30.685 | C65: {=_xlfn.IFS(B65<=18.5, "Underweight",B65<=24.9,"Normal weight",B65<=29.9, "Over weight",B65>=30,"Obesity")} -> Obesity | D65: 7.02 | E65: {=_xlfn.IFS(D65<5.7,"Normal",D65<=6.4,"Prediabetes",D65>=6.5,"Diabetes")} -> Diabetes | F65: Yes | G65: No | H65: No | I65: No major surgery | J65: 0 | K65: Yes
A66: Id65 | B66: 36.08 | C66: {=_xlfn.IFS(B66<=18.5, "Underweight",B66<=24.9,"Normal weight",B66<=29.9, "Over weight",B66>=30,"Obesity")} -> Obesity | D66: 8.8 | E66: {=_xlfn.IFS(D66<5.7,"Normal",D66<=6.4,"Prediabetes",D66>=6.5,"Diabetes")} -> Diabetes | F66: Yes | G66: No | H66: No | I66: 1 | J66: 1 | K66: Yes
A67: Id66 | B67: 54.99 | C67: {=_xlfn.IFS(B67<=18.5, "Underweight",B67<=24.9,"Normal weight",B67<=29.9, "Over weight",B67>=30,"Obesity")} -> Obesity | D67: 8.68 | E67: {=_xlfn.IFS(D67<5.7,"Normal",D67<=6.4,"Prediabetes",D67>=6.5,"Diabetes")} -> Diabetes | F67: No | G67: No | H67: No | I67: 2 | J67: 2 | K67: Yes
A68: Id67 | B68: 35.97 | C68: {=_xlfn.IFS(B68<=18.5, "Underweight",B68<=24.9,"Normal weight",B68<=29.9, "Over weight",B68>=30,"Obesity")} -> Obesity | D68: 6.12 | E68: {=_xlfn.IFS(D68<5.7,"Normal",D68<=6.4,"Prediabetes",D68>=6.5,"Diabetes")} -> Prediabetes | F68: No | G68: No | H68: Yes | I68: 1 | J68: 1 | K68: Yes
A69: Id68 | B69: 45.54 | C69: {=_xlfn.IFS(B69<=18.5, "Underweight",B69<=24.9,"Normal weight",B69<=29.9, "Over weight",B69>=30,"Obesity")} -> Obesity | D69: 5.4 | E69: {=_xlfn.IFS(D69<5.7,"Normal",D69<=6.4,"Prediabetes",D69>=6.5,"Diabetes")} -> Normal | F69: Yes | G69: No | H69: Yes | I69: 1 | J69: 1 | K69: Yes
A70: Id69 | B70: 35.53 | C70: {=_xlfn.IFS(B70<=18.5, "Underweight",B70<=24.9,"Normal weight",B70<=29.9, "Over weight",B70>=30,"Obesity")} -> Obesity | D70: 4.36 | E70: {=_xlfn.IFS(D70<5.7,"Normal",D70<=6.4,"Prediabetes",D70>=6.5,"Diabetes")} -> Normal | F70: Yes | G70: No | H70: No | I70: No major surgery | J70: 0 | K70: Yes
A71: Id70 | B71: 30.8 | C71: {=_xlfn.IFS(B71<=18.5, "Underweight",B71<=24.9,"Normal weight",B71<=29.9, "Over weight",B71>=30,"Obesity")} -> Obesity | D71: 9.77 | E71: {=_xlfn.IFS(D71<5.7,"Normal",D71<=6.4,"Prediabetes",D71>=6.5,"Diabetes")} -> Diabetes | F71: No | G71: No | H71: No | I71: No major surgery | J71: 0 | K71: Yes
A72: Id71 | B72: 38.39 | C72: {=_xlfn.IFS(B72<=18.5, "Underweight",B72<=24.9,"Normal weight",B72<=29.9, "Over weight",B72>=30,"Obesity")} -> Obesity | D72: 4.25 | E72: {=_xlfn.IFS(D72<5.7,"Normal",D72<=6.4,"Prediabetes",D72>=6.5,"Diabetes")} -> Normal | F72: No | G72: No | H72: No | I72: 1 | J72: 1 | K72: Yes
A73: Id72 | B73: 32.3 | C73: {=_xlfn.IFS(B73<=18.5, "Underweight",B73<=24.9,"Normal weight",B73<=29.9, "Over weight",B73>=30,"Obesity")} -> Obesity | D73: 4.76 | E73: {=_xlfn.IFS(D73<5.7,"Normal",D73<=6.4,"Prediabetes",D73>=6.5,"Diabetes")} -> Normal | F73: No | G73: No | H73: No | I73: 2 | J73: 2 | K73: Yes
A74: Id73 | B74: 48.8 | C74: {=_xlfn.IFS(B74<=18.5, "Underweight",B74<=24.9,"Normal weight",B74<=29.9, "Over weight",B74>=30,"Obesity")} -> Obesity | D74: 6.22 | E74: {=_xlfn.IFS(D74<5.7,"Normal",D74<=6.4,"Prediabetes",D74>=6.5,"Diabetes")} -> Prediabetes | F74: Yes | G74: No | H74: No | I74: 2 | J74: 2 | K74: Yes
A75: Id74 | B75: 45.5 | C75: {=_xlfn.IFS(B75<=18.5, "Underweight",B75<=24.9,"Normal weight",B75<=29.9, "Over weight",B75>=30,"Obesity")} -> Obesity | D75: 7.96 | E75: {=_xlfn.IFS(D75<5.7,"Normal",D75<=6.4,"Prediabetes",D75>=6.5,"Diabetes")} -> Diabetes | F75: No | G75: No | H75: No | I75: No major surgery | J75: 0 | K75: Yes
A76: Id75 | B76: 53.61 | C76: {=_xlfn.IFS(B76<=18.5, "Underweight",B76<=24.9,"Normal weight",B76<=29.9, "Over weight",B76>=30,"Obesity")} -> Obesity | D76: 10.92 | E76: {=_xlfn.IFS(D76<5.7,"Normal",D76<=6.4,"Prediabetes",D76>=6.5,"Diabetes")} -> Diabetes | F76: Yes | G76: No | H76: No | I76: 1 | J76: 1 | K76: Yes
A77: Id76 | B77: 36.19 | C77: {=_xlfn.IFS(B77<=18.5, "Underweight",B77<=24.9,"Normal weight",B77<=29.9, "Over weight",B77>=30,"Obesity")} -> Obesity | D77: 11.51 | E77: {=_xlfn.IFS(D77<5.7,"Normal",D77<=6.4,"Prediabetes",D77>=6.5,"Diabetes")} -> Diabetes | F77: Yes | G77: No | H77: No | I77: 1 | J77: 1 | K77: Yes
A78: Id77 | B78: 34.6 | C78: {=_xlfn.IFS(B78<=18.5, "Underweight",B78<=24.9,"Normal weight",B78<=29.9, "Over weight",B78>=30,"Obesity")} -> Obesity | D78: 5.99 | E78: {=_xlfn.IFS(D78<5.7,"Normal",D78<=6.4,"Prediabetes",D78>=6.5,"Diabetes")} -> Prediabetes | F78: Yes | G78: No | H78: No | I78: No major surgery | J78: 0 | K78: Yes
A79: Id78 | B79: 54.12 | C79: {=_xlfn.IFS(B79<=18.5, "Underweight",B79<=24.9,"Normal weight",B79<=29.9, "Over weight",B79>=30,"Obesity")} -> Obesity | D79: 11.57 | E79: {=_xlfn.IFS(D79<5.7,"Normal",D79<=6.4,"Prediabetes",D79>=6.5,"Diabetes")} -> Diabetes | F79: No | G79: No | H79: No | I79: No major surgery | J79: 0 | K79: Yes
A80: Id79 | B80: 48.82 | C80: {=_xlfn.IFS(B80<=18.5, "Underweight",B80<=24.9,"Normal weight",B80<=29.9, "Over weight",B80>=30,"Obesity")} -> Obesity | D80: 6.67 | E80: {=_xlfn.IFS(D80<5.7,"Normal",D80<=6.4,"Prediabetes",D80>=6.5,"Diabetes")} -> Diabetes | F80: Yes | G80: No | H80: No | I80: No major surgery | J80: 0 | K80: Yes
A81: Id80 | B81: 51.01 | C81: {=_xlfn.IFS(B81<=18.5, "Underweight",B81<=24.9,"Normal weight",B81<=29.9, "Over weight",B81>=30,"Obesity")} -> Obesity | D81: 9.2 | E81: {=_xlfn.IFS(D81<5.7,"Normal",D81<=6.4,"Prediabetes",D81>=6.5,"Diabetes")} -> Diabetes | F81: No | G81: No | H81: No | I81: No major surgery | J81: 0 | K81: Yes
A82: Id81 | B82: 45.65 | C82: {=_xlfn.IFS(B82<=18.5, "Underweight",B82<=24.9,"Normal weight",B82<=29.9, "Over weight",B82>=30,"Obesity")} -> Obesity | D82: 5.11 | E82: {=_xlfn.IFS(D82<5.7,"Normal",D82<=6.4,"Prediabetes",D82>=6.5,"Diabetes")} -> Normal | F82: Yes | G82: No | H82: No | I82: 1 | J82: 1 | K82: Yes
A83: Id82 | B83: 52.9 | C83: {=_xlfn.IFS(B83<=18.5, "Underweight",B83<=24.9,"Normal weight",B83<=29.9, "Over weight",B83>=30,"Obesity")} -> Obesity | D83: 5.34 | E83: {=_xlfn.IFS(D83<5.7,"Normal",D83<=6.4,"Prediabetes",D83>=6.5,"Diabetes")} -> Normal | F83: No | G83: No | H83: No | I83: No major surgery | J83: 0 | K83: Yes
A84: Id83 | B84: 45.41 | C84: {=_xlfn.IFS(B84<=18.5, "Underweight",B84<=24.9,"Normal weight",B84<=29.9, "Over weight",B84>=30,"Obesity")} -> Obesity | D84: 4.03 | E84: {=_xlfn.IFS(D84<5.7,"Normal",D84<=6.4,"Prediabetes",D84>=6.5,"Diabetes")} -> Normal | F84: Yes | G84: No | H84: No | I84: 1 | J84: 1 | K84: Yes
A85: Id84 | B85: 49.41 | C85: {=_xlfn.IFS(B85<=18.5, "Underweight",B85<=24.9,"Normal weight",B85<=29.9, "Over weight",B85>=30,"Obesity")} -> Obesity | D85: 4.23 | E85: {=_xlfn.IFS(D85<5.7,"Normal",D85<=6.4,"Prediabetes",D85>=6.5,"Diabetes")} -> Normal | F85: Yes | G85: No | H85: Yes | I85: 1 | J85: 1 | K85: Yes
A86: Id85 | B86: 31.825 | C86: {=_xlfn.IFS(B86<=18.5, "Underweight",B86<=24.9,"Normal weight",B86<=29.9, "Over weight",B86>=30,"Obesity")} -> Obesity | D86: 4.06 | E86: {=_xlfn.IFS(D86<5.7,"Normal",D86<=6.4,"Prediabetes",D86>=6.5,"Diabetes")} -> Normal | F86: No | G86: No | H86: No | I86: 2 | J86: 2 | K86: Yes
A87: Id86 | B87: 51.28 | C87: {=_xlfn.IFS(B87<=18.5, "Underweight",B87<=24.9,"Normal weight",B87<=29.9, "Over weight",B87>=30,"Obesity")} -> Obesity | D87: 4.68 | E87: {=_xlfn.IFS(D87<5.7,"Normal",D87<=6.4,"Prediabetes",D87>=6.5,"Diabetes")} -> Normal | F87: No | G87: No | H87: No | I87: 2 | J87: 2 | K87: Yes
A88: Id87 | B88: 34.96 | C88: {=_xlfn.IFS(B88<=18.5, "Underweight",B88<=24.9,"Normal weight",B88<=29.9, "Over weight",B88>=30,"Obesity")} -> Obesity | D88: 4.34 | E88: {=_xlfn.IFS(D88<5.7,"Normal",D88<=6.4,"Prediabetes",D88>=6.5,"Diabetes")} -> Normal | F88: No | G88: No | H88: Yes | I88: 1 | J88: 1 | K88: Yes
A89: Id88 | B89: 33.11 | C89: {=_xlfn.IFS(B89<=18.5, "Underweight",B89<=24.9,"Normal weight",B89<=29.9, "Over weight",B89>=30,"Obesity")} -> Obesity | D89: 10.51 | E89: {=_xlfn.IFS(D89<5.7,"Normal",D89<=6.4,"Prediabetes",D89>=6.5,"Diabetes")} -> Diabetes | F89: No | G89: No | H89: No | I89: No major surgery | J89: 0 | K89: Yes
A90: Id89 | B90: 54.74 | C90: {=_xlfn.IFS(B90<=18.5, "Underweight",B90<=24.9,"Normal weight",B90<=29.9, "Over weight",B90>=30,"Obesity")} -> Obesity | D90: 5.84 | E90: {=_xlfn.IFS(D90<5.7,"Normal",D90<=6.4,"Prediabetes",D90>=6.5,"Diabetes")} -> Prediabetes | F90: Yes | G90: No | H90: Yes | I90: 1 | J90: 1 | K90: Yes
A91: Id90 | B91: 32.56 | C91: {=_xlfn.IFS(B91<=18.5, "Underweight",B91<=24.9,"Normal weight",B91<=29.9, "Over weight",B91>=30,"Obesity")} -> Obesity | D91: 5.41 | E91: {=_xlfn.IFS(D91<5.7,"Normal",D91<=6.4,"Prediabetes",D91>=6.5,"Diabetes")} -> Normal | F91: No | G91: No | H91: Yes | I91: 1 | J91: 1 | K91: Yes
A92: Id91 | B92: 39.05 | C92: {=_xlfn.IFS(B92<=18.5, "Underweight",B92<=24.9,"Normal weight",B92<=29.9, "Over weight",B92>=30,"Obesity")} -> Obesity | D92: 6.06 | E92: {=_xlfn.IFS(D92<5.7,"Normal",D92<=6.4,"Prediabetes",D92>=6.5,"Diabetes")} -> Prediabetes | F92: No | G92: No | H92: No | I92: 1 | J92: 1 | K92: Yes
A93: Id92 | B93: 42.75 | C93: {=_xlfn.IFS(B93<=18.5, "Underweight",B93<=24.9,"Normal weight",B93<=29.9, "Over weight",B93>=30,"Obesity")} -> Obesity | D93: 4.22 | E93: {=_xlfn.IFS(D93<5.7,"Normal",D93<=6.4,"Prediabetes",D93>=6.5,"Diabetes")} -> Normal | F93: No | G93: No | H93: No | I93: No major surgery | J93: 0 | K93: Yes
A94: Id93 | B94: 50.58 | C94: {=_xlfn.IFS(B94<=18.5, "Underweight",B94<=24.9,"Normal weight",B94<=29.9, "Over weight",B94>=30,"Obesity")} -> Obesity | D94: 5.12 | E94: {=_xlfn.IFS(D94<5.7,"Normal",D94<=6.4,"Prediabetes",D94>=6.5,"Diabetes")} -> Normal | F94: No | G94: No | H94: No | I94: 2 | J94: 2 | K94: Yes
A95: Id94 | B95: 30.495 | C95: {=_xlfn.IFS(B95<=18.5, "Underweight",B95<=24.9,"Normal weight",B95<=29.9, "Over weight",B95>=30,"Obesity")} -> Obesity | D95: 4.57 | E95: {=_xlfn.IFS(D95<5.7,"Normal",D95<=6.4,"Prediabetes",D95>=6.5,"Diabetes")} -> Normal | F95: Yes | G95: No | H95: No | I95: No major surgery | J95: 0 | K95: Yes
A96: Id95 | B96: 48.31 | C96: {=_xlfn.IFS(B96<=18.5, "Underweight",B96<=24.9,"Normal weight",B96<=29.9, "Over weight",B96>=30,"Obesity")} -> Obesity | D96: 9.58 | E96: {=_xlfn.IFS(D96<5.7,"Normal",D96<=6.4,"Prediabetes",D96>=6.5,"Diabetes")} -> Diabetes | F96: Yes | G96: No | H96: No | I96: 2 | J96: 2 | K96: Yes
A97: Id96 | B97: 48.99 | C97: {=_xlfn.IFS(B97<=18.5, "Underweight",B97<=24.9,"Normal weight",B97<=29.9, "Over weight",B97>=30,"Obesity")} -> Obesity | D97: 9.78 | E97: {=_xlfn.IFS(D97<5.7,"Normal",D97<=6.4,"Prediabetes",D97>=6.5,"Diabetes")} -> Diabetes | F97: Yes | G97: No | H97: No | I97: 1 | J97: 1 | K97: Yes
A98: Id97 | B98: 38.39 | C98: {=_xlfn.IFS(B98<=18.5, "Underweight",B98<=24.9,"Normal weight",B98<=29.9, "Over weight",B98>=30,"Obesity")} -> Obesity | D98: 4.11 | E98: {=_xlfn.IFS(D98<5.7,"Normal",D98<=6.4,"Prediabetes",D98>=6.5,"Diabetes")} -> Normal | F98: Yes | G98: No | H98: No | I98: No major surgery | J98: 0 | K98: Yes
A99: Id98 | B99: 44.34 | C99: {=_xlfn.IFS(B99<=18.5, "Underweight",B99<=24.9,"Normal weight",B99<=29.9, "Over weight",B99>=30,"Obesity")} -> Obesity | D99: 4.02 | E99: {=_xlfn.IFS(D99<5.7,"Normal",D99<=6.4,"Prediabetes",D99>=6.5,"Diabetes")} -> Normal | F99: Yes | G99: No | H99: No | I99: 2 | J99: 2 | K99: Yes
A100: Id99 | B100: 41.51 | C100: {=_xlfn.IFS(B100<=18.5, "Underweight",B100<=24.9,"Normal weight",B100<=29.9, "Over weight",B100>=30,"Obesity")} -> Obesity | D100: 6.92 | E100: {=_xlfn.IFS(D100<5.7,"Normal",D100<=6.4,"Prediabetes",D100>=6.5,"Diabetes")} -> Diabetes | F100: No | G100: No | H100: No | I100: No major surgery | J100: 0 | K100: Yes
...

Sheet Customer_Names
A1: Customer ID | B1: name | C1: Title | D1: First Name | E1: Last Name
A2: Id1 | B2: Hawks, Ms. Kelly | C2: Ms. | D2: Kelly | E2: Hawks
A3: Id2 | B3: Lehner, Mr. Matthew D | C3: Mr. | D3: Matthew D | E3: Lehner
A4: Id3 | B4: Lu, Mr. Phil | C4: Mr. | D4: Phil | E4: Lu
A5: Id4 | B5: Osborne, Ms. Kelsey | C5: Ms. | D5: Kelsey | E5: Osborne
A6: Id5 | B6: Kadala, Ms. Kristyn | C6: Ms. | D6: Kristyn | E6: Kadala
A7: Id6 | B7: Baker, Mr. Russell B. | C7: Mr. | D7: Russell B. | E7: Baker
A8: Id7 | B8: Macpherson, Mr. Scott | C8: Mr. | D8: Scott | E8: Macpherson
A9: Id8 | B9: Hallman, Mr. Stephen | C9: Mr. | D9: Stephen | E9: Hallman
A10: Id9 | B10: Moran, Mr. Patrick R. | C10: Mr. | D10: Patrick R. | E10: Moran
A11: Id10 | B11: Benner, Ms. Brooke N. | C11: Ms. | D11: Brooke N. | E11: Benner
A12: Id11 | B12: Fierro Vargas, Ms. Paola Andrea | C12: Ms. | D12: Ms. Paola Andrea | E12: Fierro Vargas
... A2336: Id2335 | B2336: German, Mr. Aaron K | C2336: Mr. | D2336: Aaron K | E2336: German

Sheet Hospitalisation_Details_2__2
A1: Customer ID | B1: year | C1: Year 2 | D1: month | E1: Month 2 | F1: date | G1: Date of Birth | H1: children | I1: $charges | J1: Hospital tier | K1: City tier | L1: State ID | M1: Age | N1: Column15 | O1: Column16 | P1: Column2
A2: Id2335 | B2: 1992 | C2: 1992 | D2: Jul | E2: Jul | F2: 9 | G2: 33794 | H2: 0 | I2: $563.84 | J2: tier - 2 | K2: tier - 3 | L2: R1013 | M2: 34 | N2: Customer id | O2: 6
A3: Id2334 | B3: 1992 | C3: 1992 | D3: Nov | E3: Nov | F3: 30 | G3: 33938 | H3: 0 | I3: $570.62 | J3: tier - 2 | K3: tier - 1 | L3: R1013 | M3: 34 | N3: Year | O3: 2
A4: Id2333 | B4: 1993 | C4: 1993 | D4: Jun | E4: Jun | F4: 30 | G4: 34150 | H4: 0 | I4: $600 | J4: tier - 2 | K4: tier - 1 | L4: R1013 | M4: 33 | N4: Month | O4: 3
A5: Id2332 | B5: 1992 | C5: 1992 | D5: Sep | E5: Sep | F5: 13 | G5: 33860 | H5: 0 | I5: $604.54 | J5: tier - 3 | K5: tier - 3 | L5: R1013 | M5: 34 | N5: Date | O5: 0
A6: Id2331 | B6: 1998 | C6: 1998 | D6: Jul | E6: Jul | F6: 27 | G6: 36003 | H6: 0 | I6: $637.26 | J6: tier - 3 | K6: tier - 3 | L6: R1013 | M6: 28 | N6: Children | O6: 0
A7: Id2330 | B7: 2001 | C7: 2001 | D7: Nov | E7: Nov | F7: 20 | G7: 37215 | H7: 0 | I7: $646.14 | J7: tier - 3 | K7: tier - 3 | L7: R1012 | M7: 25 | N7: Charges | O7: 0
A8: Id2329 | B8: 1993 | C8: 1993 | D8: Jun | E8: Jun | F8: 1 | G8: 34121 | H8: 0 | I8: $650 | J8: tier - 3 | K8: tier - 3 | L8: R1013 | M8: 33 | N8: Hosp tier | O8: 1
A9: Id2328 | B9: 1995 | C9: 1995 | D9: Jul | E9: Jul | F9: 4 | G9: 34884 | H9: 0 | I9: $650 | J9: tier - 3 | K9: tier - 3 | L9: R1013 | M9: 31 | N9: City tier | O9: 1
A10: Id2327 | B10: 2002 | C10: 2002 | D10: Nov | E10: Nov | F10: 29 | G10: 37589 | H10: 0 | I10: $668 | J10: tier - 3 | K10: tier - 2 | L10: R1012 | M10: 24 | N10: State id | O10: 2
A11: Id2326 | B11: 1997 | C11: 1997 | D11: Nov | E11: Nov | F11: 9 | G11: 35743 | H11: 0 | I11: $670 | J11: tier - 3 | K11: tier - 3 | L11: R1013 | M11: 29
A12: Id2325 | B12: 2001 | C12: 2001 | D12: Sep | E12: Sep | F12: 12 | G12: 37146 | H12: 0 | I12: $687.54 | J12: tier - 3 | K12: tier - 2 | L12: R1013 | M12: 25
A13: Id2324 | B13: 1999 | C13: 1999 | D13: Dec | E13: Dec | F13: 26 | G13: 36520 | H13: 0 | I13: $700 | J13: tier-2 | K13: tier - 3 | L13: R1013 | M13: 27
A14: Id2323 | B14: 1999 | C14: 1999 | D14: Dec | E14: Dec | F14: 14 | G14: 36508 | H14: 0 | I14: $722.99 | J14: tier - 3 | K14: tier - 1 | L14: R1013 | M14: 27
A15: Id2322 | B15: 2002 | C15: 2002 | D15: ? | E15: Sep | F15: 19 | G15: 37518 | H15: 0 | I15: $750 | J15: tier - 3 | K15: tier - 1 | L15: R1012 | M15: 24
A16: Id2321 | B16: 1993 | C16: 1993 | D16: Aug | E16: Aug | F16: 9 | G16: 34190 | H16: 0 | I16: $760 | J16: tier - 3 | K16: tier - 1 | L16: R1013 | M16: 33
A17: Id2320 | B17: 1996 | C17: 1996 | D17: Oct | E17: Oct | F17: 22 | G17: 35360 | H17: 0 | I17: $760 | J17: tier - 3 | K17: tier - 3 | L17: R1013 | M17: 30
A18: Id2319 | B18: 1993 | C18: 1993 | D18: Jun | E18: Jun | F18: 28 | G18: 34148 | H18: 0 | I18: $770 | J18: tier - 3 | K18: tier - 3 | L18: R1013 | M18: 33
A19: Id2318 | B19: 1996 | C19: 1996 | D19: ? | E19: Sep | F19: 18 | G19: 35326 | H19: 0 | I19: $770.38 | J19: tier - 3 | K19: tier-2 | L19: R1012 | M19: 30
A20: Id2317 | B20: 1995 | C20: 1995 | D20: Dec | E20: Dec | F20: 7 | G20: 35040 | H20: 0 | I20: $773.54 | J20: tier - 3 | K20: tier - 2 | L20: R1013 | M20: 31
A21: Id2316 | B21: 2004 | C21: 2004 | D21: Oct | E21: Oct | F21: 7 | G21: 38267 | H21: 0 | I21: $830.52 | J21: tier - 3 | K21: tier - 2 | L21: R1011 | M21: 22
A22: Id2315 | B22: 2000 | C22: 2000 | D22: Nov | E22: Nov | F22: 18 | G22: 36848 | H22: 0 | I22: $865.41 | J22: tier - 3 | K22: tier - 1 | L22: R1013 | M22: 26
... A1050: Id1290 | B1050: 1977 | C1050: 1977 | D1050: Jul | E1050: Jul | F1050: 26 | G1050: 28332 | H1050: 2 | I1050: $8527.5300000000007 | J1050: tier - 2 | K1050: tier - 2 | L1050: R1013 | M1050: 49
A1051: Id1289 | C1051: 1983 | D1051: Jul | E1051: Jul | F1051: 24 | H1051: 0 | I1051: $8534.67 | J1051: tier - 2 | K1051: tier - 3 | L1051: R1024
A1052: Id1288 | B1052: 1981 | C1052: 1981 | D1052: Dec | E1052: Dec | F1052: 27 | G1052: 29947 | H1052: 3 | I1052: $8538.2900000000009 | J1052: tier - 2 | K1052: tier - 3 | L1052: R1024 | M1052: 45
A1053: Id1287 | B1053: 1975 | C1053: 1975 | D1053: Nov | E1053: Nov | F1053: 6 | G1053: 27704 | H1053: 1 | I1053: $8539.67 | J1053: tier - 2 | K1053: tier - 3 | L1053: R1011 | M1053: 51
A1054: Id1286 | C1054: 1983 | D1054: Dec | E1054: Dec | F1054: 12 | H1054: 1 | I1054: $8547.69 | J1054: tier - 2 | K1054: tier - 1 | L1054: R1013
A1055: Id1285 | B1055: 1975 | C1055: 1975 | D1055: Aug | E1055: Aug | F1055: 6 | G1055: 27612 | H1055: 1 | I1055: $8551.35 | J1055: tier - 2 | K1055: tier - 2 | L1055: R1011 | M1055: 51
A1056: Id1284 | B1056: 1975 | C1056: 1975 | D1056: Aug | E1056: Aug | F1056: 21 | G1056: 27627 | H1056: 1 | I1056: $8556.91 | J1056: tier - 2 | K1056: tier - 1 | L1056: R1011 | M1056: 51
A1057: Id1283 | B1057: 1988 | C1057: 1988 | D1057: Sep | E1057: Sep | F1057: 21 | G1057: 32407 | H1057: 3 | I1057: $8567.25 | J1057: tier - 2 | K1057: tier - 1 | L1057: R1012 | M1057: 38
A1058: Id1282 | B1058: 1975 | C1058: 1975 | D1058: Sep | E1058: Sep | F1058: 26 | G1058: 27663 | H1058: 1 | I1058: $8569.86 | J1058: tier - 2 | K1058: tier - 3 | L1058: R1013 | M1058: 51
A1059: Id1281 | B1059: 1982 | C1059: 1982 | D1059: Dec | E1059: Dec | F1059: 6 | G1059: 30291 | H1059: 3 | I1059: $8572.0400000000009 | J1059: tier - 2 | K1059: tier - 2 | L1059: R1021 | M1059: 44
A1060: Id1280 | B1060: 1987 | C1060: 1987 | D1060: Nov | E1060: Nov | F1060: 11 | G1060: 32092 | H1060: 3 | I1060: $8573.2999999999993 | J1060: tier - 2 | K1060: tier - 2 | L1060: R1021 | M1060: 39
A1061: Id1279 | B1061: 1983 | C1061: 1983 | D1061: Dec | E1061: Dec | F1061: 30 | G1061: 30680 | H1061: 5 | I1061: $8582.2999999999993 | J1061: tier - 2 | K1061: tier - 1 | L1061: R1013 | M1061: 43
A1062: Id1278 | B1062: 1983 | C1062: 1983 | D1062: Jul | E1062: Jul | F1062: 25 | G1062: 30522 | H1062: 5 | I1062: $8596.83 | J1062: tier - 2 | K1062: tier - 3 | L1062: R1013 | M1062: 43
A1063: Id1277 | B1063: 1973 | C1063: 1973 | D1063: Jul | E1063: Jul | F1063: 11 | G1063: 26856 | H1063: 0 | I1063: $8601.33 | J1063: tier - 2 | K1063: tier - 1 | L1063: R1013 | M1063: 53
A1064: Id1276 | B1064: 1977 | C1064: 1977 | D1064: Sep | E1064: Sep | F1064: 24 | G1064: 28392 | H1064: 2 | I1064: $8603.82 | J1064: tier - 2 | K1064: tier - 1 | L1064: R1019 | M1064: 49
A1065: Id1275 | B1065: 1977 | C1065: 1977 | D1065: Nov | E1065: Nov | F1065: 12 | G1065: 28441 | H1065: 2 | I1065: $8604.48 | J1065: tier - 3 | K1065: tier - 2 | L1065: R1016 | M1065: 49
A1066: Id1274 | B1066: 1977 | C1066: 1977 | D1066: Oct | E1066: Oct | F1066: 15 | G1066: 28413 | H1066: 3 | I1066: $8605.36 | J1066: tier - 2 | K1066: tier - 2 | L1066: R1013 | M1066: 49
... A2344: Id1 | B2344: 1968 | C2344: 1968 | D2344: Oct | E2344: Oct | F2344: 12 | G2344: 25123 | H2344: 0 | I2344: $63770.43 | J2344: tier - 1 | K2344: tier - 3 | L2344: R1013 | M2344: 58

Sheet Healthcare
A1: Customer ID | B1: First Name | C1: BMI | D1: HBA1C | E1: Heart Issues | F1: Any Transplants | G1: Cancer history | H1: NumberOfMajorSurgeries | I1: smoker | J1: Weight Status | K1: Diabetes Status | L1: Date of Birth | M1: $charges | N1: Hospital tier | O1: City tier | P1: State ID | Q1: Age
A2: Id2335 | B2: =VLOOKUP(Customer_Names!A2,Customer_Names!1:1048576,4,FALSE) -> Kelly | C2: =VLOOKUP(Medical_Examinations_2[[#This Row],[Customer ID]],Medical_Examinations!$1:$1048576,2,FALSE) -> 47.41 | D2: =VLOOKUP(Medical_Examinations_2[[#This Row],[Customer ID]],Medical_Examinations!$1:$1048576,4,FALSE) -> 7.47 | E2: =VLOOKUP(Medical_Examinations_2[[#This Row],[Customer ID]],Medical_Examinations!$1:$1048576,6,FALSE) -> No | F2: =VLOOKUP(Medical_Examinations_2[[#This Row],[Customer ID]],Medical_Examinations!$1:$1048576,7,FALSE) -> No | G2: =VLOOKUP(Medical_Examinations_2[[#This Row],[Customer ID]],Medical_Examinations!$1:$1048576,8,FALSE) -> No | H2: =VLOOKUP(Medical_Examinations_2[[#This Row],[Customer ID]],Medical_Examinations!$1:$1048576,9,FALSE) -> No major surgery | I2: =VLOOKUP(Medical_Examinations_2[[#This Row],[Customer ID]],Medical_Examinations!$1:$1048576,11,FALSE) -> Yes | J2: =VLOOKUP(Medical_Examinations_2[[#This Row],[Customer ID]],Medical_Examinations!$1:$1048576,3,FALSE) -> Obesity | K2: =VLOOKUP(Medical_Examinations_2[[#This Row],[Customer ID]],Medical_Examinations!$1:$1048576,5,FALSE) -> Diabetes | L2: =VLOOKUP(Hospitalisation_Details_2__3[[#This Row],[Customer ID]],Hospitalisation_Details_2__2!$1:$1048576,7,FALSE) -> 33794 | M2: =VLOOKUP(Hospitalisation_Details_2__3[[#This Row],[Customer ID]],Hospitalisation_Details_2__2!$1:$1048576,9,FALSE) -> $563.84 | N2: =VLOOKUP(Hospitalisation_Details_2__3[[#This Row],[Customer ID]],Hospitalisation_Details_2__2!$1:$1048576,10,FALSE) -> tier - 2 | O2: =VLOOKUP(Hospitalisation_Details_2__3[[#This Row],[Customer ID]],Hospitalisation_Details_2__2!$1:$1048576,11,FALSE) -> tier - 3 | P2: =VLOOKUP(Hospitalisation_Details_2__3[[#This Row],[Customer ID]],Hospitalisation_Details_2__2!$1:$1048576,12,FALSE) -> R1013 | Q2: =VLOOKUP(Hospitalisation_Details_2__3[[#This Row],[Customer ID]],Hospitalisation_Details_2__2!$1:$1048576,13,FALSE) -> 34
A3: Id2334 | B3: =VLOOKUP(Customer_Names!A3,Customer_Names!$1:$1048576,4,FALSE) -> Matthew D | C3: =VLOOKUP(Medical_Examinations_2[[#This Row],[Customer ID]],Medical_Examinations!$1:$1048576,2,FALSE) -> 30.36 | D3: =VLOOKUP(Medical_Examinations_2[[#This Row],[Customer ID]],Medical_Examinations!$1:$1048576,4,FALSE) -> 5.77 | E3: =VLOOKUP(Medical_Examinations_2[[#This Row],[Customer ID]],Medical_Examinations!$1:$1048576,6,FALSE) -> No | F3: =VLOOKUP(Medical_Examinations_2[[#This Row],[Customer ID]],Medical_Examinations!$1:$1048576,7,FALSE) -> No | G3: =VLOOKUP(Medical_Examinations_2[[#This Row],[Customer ID]],Medical_Examinations!$1:$1048576,8,FALSE) -> No | H3: =VLOOKUP(Medical_Examinations_2[[#This Row],[Customer ID]],Medical_Examinations!$1:$1048576,9,FALSE) -> No major surgery | I3: =VLOOKUP(Medical_Examinations_2[[#This Row],[Customer ID]],Medical_Examinations!$1:$1048576,11,FALSE) -> Yes | J3: =VLOOKUP(Medical_Examinations_2[[#This Row],[Customer ID]],Medical_Examinations!$1:$1048576,3,FALSE) -> Obesity | K3: =VLOOKUP(Medical_Examinations_2[[#This Row],[Customer ID]],Medical_Examinations!$1:$1048576,5,FALSE) -> Prediabetes | L3: =VLOOKUP(Hospitalisation_Details_2__3[[#This Row],[Customer ID]],Hospitalisation_Details_2__2!$1:$1048576,7,FALSE) -> 33938 | M3: =VLOOKUP(Hospitalisation_Details_2__3[[#This Row],[Customer ID]],Hospitalisation_Details_2__2!$1:$1048576,9,FALSE) -> $570.62 | N3: =VLOOKUP(Hospitalisation_Details_2__3[[#This Row],[Customer ID]],Hospitalisation_Details_2__2!$1:$1048576,10,FALSE) -> tier - 2 | O3: =VLOOKUP(Hospitalisation_Details_2__3[[#This Row],[Customer ID]],Hospitalisation_Details_2__2!$1:$1048576,11,FALSE) -> tier - 1 | P3: =VLOOKUP(Hospitalisation_Details_2__3[[#This Row],[Customer ID]],Hospitalisation_Details_2__2!$1:$1048576,12,FALSE) -> R1013 | Q3: =VLOOKUP(Hospitalisation_Details_2__3[[#This Row],[Customer ID]],Hospitalisation_Details_2__2!$1:$1048576,13,FALSE) -> 34
A4: Id2333 | B4: =VLOOKUP(Customer_Names!A4,Customer_Names!$1:$1048576,4,FALSE) -> Phil | C4: =VLOOKUP(Medical_Examinations_2[[#This Row],[Customer ID]],Medical_Examinations!$1:$1048576,2,FALSE) -> 34.485 | D4: =VLOOKUP(Medical_Examinations_2[[#This Row],[Customer ID]],Medical_Examinations!$1:$1048576,4,FALSE) -> 11.87 | E4: =VLOOKUP(Medical_Examinations_2[[#This Row],[Customer ID]],Medical_Examinations!$1:$1048576,6,FALSE) -> Yes | F4: =VLOOKUP(Medical_Examinations_2[[#This Row],[Customer ID]],Medical_Examinations!$1:$1048576,7,FALSE) -> No | G4: =VLOOKUP(Medical_Examinations_2[[#This Row],[Customer ID]],Medical_Examinations!$1:$1048576,8,FALSE) -> No | H4: =VLOOKUP(Medical_Examinations_2[[#This Row],[Customer ID]],Medical_Examinations!$1:$1048576,9,FALSE) -> 2 | I4: =VLOOKUP(Medical_Examinations_2[[#This Row],[Customer ID]],Medical_Examinations!$1:$1048576,11,FALSE) -> Yes | J4: =VLOOKUP(Medical_Examinations_2[[#This Row],[Customer ID]],Medical_Examinations!$1:$1048576,3,FALSE) -> Obesity | K4: =VLOOKUP(Medical_Examinations_2[[#This Row],[Customer ID]],Medical_Examinations!$1:$1048576,5,FALSE) -> Diabetes | L4: =VLOOKUP(Hospitalisation_Details_2__3[[#This Row],[Customer ID]],Hospitalisation_Details_2__2!$1:$1048576,7,FALSE) -> 34150 | M4: =VLOOKUP(Hospitalisation_Details_2__3[[#This Row],[Customer ID]],Hospitalisation_Details_2__2!$1:$1048576,9,FALSE) -> $600 | N4: =VLOOKUP(Hospitalisation_Details_2__3[[#This Row],[Customer ID]],Hospitalisation_Details_2__2!$1:$1048576,10,FALSE) -> tier - 2 | O4: =VLOOKUP(Hospitalisation_Details_2__3[[#This Row],[Customer ID]],Hospitalisation_Details_2__2!$1:$1048576,11,FALSE) -> tier - 1 | P4: =VLOOKUP(Hospitalisation_Details_2__3[[#This Row],[Customer ID]],Hospitalisation_Details_2__2!$1:$1048576,12,FALSE) -> R1013 | Q4: =VLOOKUP(Hospitalisation_Details_2__3[[#This Row],[Customer ID]],Hospitalisation_Details_2__2!$1:$1048576,13,FALSE) -> 33
A5: Id2332 | B5: =VLOOKUP(Customer_Names!A5,Customer_Names!$1:$1048576,4,FALSE) -> Kelsey | C5: =VLOOKUP(Medical_Examinations_2[[#This Row],[Customer ID]],Medical_Examinations!$1:$1048576,2,FALSE) -> 38.095 | D5: =VLOOKUP(Medical_Examinations_2[[#This Row],[Customer ID]],Medical_Examinations!$1:$1048576,4,FALSE) -> 6.05 | E5: =VLOOKUP(Medical_Examinations_2[[#This Row],[Customer ID]],Medical_Examinations!$1:$1048576,6,FALSE) -> No | F5: =VLOOKUP(Medical_Examinations_2[[#This Row],[Customer ID]],Medical_Examinations!$1:$1048576,7,FALSE) -> No | G5: =VLOOKUP(Medical_Examinations_2[[#This Row],[Customer ID]],Medical_Examinations!$1:$1048576,8,FALSE) -> No | H5: =VLOOKUP(Medical_Examinations_2[[#This Row],[Customer ID]],Medical_Examinations!$1:$1048576,9,FALSE) -> No major surgery | I5: =VLOOKUP(Medical_Examinations_2[[#This Row],[Customer ID]],Medical_Examinations!$1:$1048576,11,FALSE) -> Yes | J5: =VLOOKUP(Medical_Examinations_2[[#This Row],[Customer ID]],Medical_Examinations!$1:$1048576,3,FALSE) -> Obesity | K5: =VLOOKUP(Medical_Examinations_2[[#This Row],[Customer ID]],Medical_Examinations!$1:$1048576,5,FALSE) -> Prediabetes | L5: =VLOOKUP(Hospitalisation_Details_2__3[[#This Row],[Customer ID]],Hospitalisation_Details_2__2!$1:$1048576,7,FALSE) -> 33860 | M5: =VLOOKUP(Hospitalisation_Details_2__3[[#This Row],[Customer ID]],Hospitalisation_Details_2__2!$1:$1048576,9,FALSE) -> $604.54 | N5: =VLOOKUP(Hospitalisation_Details_2__3[[#This Row],[Customer ID]],Hospitalisation_Details_2__2!$1:$1048576,10,FALSE) -> tier - 3 | O5: =VLOOKUP(Hospitalisation_Details_2__3[[#This Row],[Customer ID]],Hospitalisation_Details_2__2!$1:$1048576,11,FALSE) -> tier - 3 | P5: =VLOOKUP(Hospitalisation_Details_2__3[[#This Row],[Customer ID]],Hospitalisation_Details_2__2!$1:$1048576,12,FALSE) -> R1013 | Q5: =VLOOKUP(Hospitalisation_Details_2__3[[#This Row],[Customer ID]],Hospitalisation_Details_2__2!$1:$1048576,13,FALSE) -> 34
A6: Id2331 | B6: =VLOOKUP(Customer_Names!A6,Customer_Names!$1:$1048576,4,FALSE) -> Kristyn | C6: =VLOOKUP(Medical_Examinations_2[[#This Row],[Customer ID]],Medical_Examinations!$1:$1048576,2,FALSE) -> 35.53 | D6: =VLOOKUP(Medical_Examinations_2[[#This Row],[Customer ID]],Medical_Examinations!$1:$1048576,4,FALSE) -> 5.45 | E6: =VLOOKUP(Medical_Examinations_2[[#This Row],[Customer ID]],Medical_Examinations!$1:$1048576,6,FALSE) -> No | F6: =VLOOKUP(Medical_Examinations_2[[#This Row],[Customer ID]],Medical_Examinations!$1:$1048576,7,FALSE) -> No | G6: =VLOOKUP(Medical_Examinations_2[[#This Row],[Customer ID]],Medical_Examinations!$1:$1048576,8,FALSE) -> No | H6: =VLOOKUP(Medical_Examinations_2[[#This Row],[Customer ID]],Medical_Examinations!$1:$1048576,9,FALSE) -> No major surgery | I6: =VLOOKUP(Medical_Examinations_2[[#This Row],[Customer ID]],Medical_Examinations!$1:$1048576,11,FALSE) -> Yes | J6: =VLOOKUP(Medical_Examinations_2[[#This Row],[Customer ID]],Medical_Examinations!$1:$1048576,3,FALSE) -> Obesity | K6: =VLOOKUP(Medical_Examinations_2[[#This Row],[Customer ID]],Medical_Examinations!$1:$1048576,5,FALSE) -> Normal | L6: =VLOOKUP(Hospitalisation_Details_2__3[[#This Row],[Customer ID]],Hospitalisation_Details_2__2!$1:$1048576,7,FALSE) -> 36003 | M6: =VLOOKUP(Hospitalisation_Details_2__3[[#This Row],[Customer ID]],Hospitalisation_Details_2__2!$1:$1048576,9,FALSE) -> $637.26 | N6: =VLOOKUP(Hospitalisation_Details_2__3[[#This Row],[Customer ID]],Hospitalisation_Details_2__2!$1:$1048576,10,FALSE) -> tier - 3 | O6: =VLOOKUP(Hospitalisation_Details_2__3[[#This Row],[Customer ID]],Hospitalisation_Details_2__2!$1:$1048576,11,FALSE) -> tier - 3 | P6: =VLOOKUP(Hospitalisation_Details_2__3[[#This Row],[Customer ID]],Hospitalisation_Details_2__2!$1:$1048576,12,FALSE) -> R1013 | Q6: =VLOOKUP(Hospitalisation_Details_2__3[[#This Row],[Customer ID]],Hospitalisation_Details_2__2!$1:$1048576,13,FALSE) -> 28
A7: Id2330 | B7: =VLOOKUP(Customer_Names!A7,Customer_Names!$1:$1048576,4,FALSE) -> Russell B. | C7: =VLOOKUP(Medical_Examinations_2[[#This Row],[Customer ID]],Medical_Examinations!$1:$1048576,2,FALSE) -> 32.8 | D7: =VLOOKUP(Medical_Examinations_2[[#This Row],[Customer ID]],Medical_Examinations!$1:$1048576,4,FALSE) -> 6.59 | E7: =VLOOKUP(Medical_Examinations_2[[#This Row],[Customer ID]],Medical_Examinations!$1:$1048576,6,FALSE) -> No | F7: =VLOOKUP(Medical_Examinations_2[[#This Row],[Customer ID]],Medical_Examinations!$1:$1048576,7,FALSE) -> No | G7: =VLOOKUP(Medical_Examinations_2[[#This Row],[Customer ID]],Medical_Examinations!$1:$1048576,8,FALSE) -> No | H7: =VLOOKUP(Medical_Examinations_2[[#This Row],[Customer ID]],Medical_Examinations!$1:$1048576,9,FALSE) -> No major surgery | I7: =VLOOKUP(Medical_Examinations_2[[#This Row],[Customer ID]],Medical_Examinations!$1:$1048576,11,FALSE) -> Yes | J7: =VLOOKUP(Medical_Examinations_2[[#This Row],[Customer ID]],Medical_Examinations!$1:$1048576,3,FALSE) -> Obesity | K7: =VLOOKUP(Medical_Examinations_2[[#This Row],[Customer ID]],Medical_Examinations!$1:$1048576,5,FALSE) -> Diabetes | L7: =VLOOKUP(Hospitalisation_Details_2__3[[#This Row],[Customer ID]],Hospitalisation_Details_2__2!$1:$1048576,7,FALSE) -> 37215 | M7: =VLOOKUP(Hospitalisation_Details_2__3[[#This Row],[Customer ID]],Hospitalisation_Details_2__2!$1:$1048576,9,FALSE) -> $646.14 | N7: =VLOOKUP(Hospitalisation_Details_2__3[[#This Row],[Customer ID]],Hospitalisation_Details_2__2!$1:$1048576,10,FALSE) -> tier - 3 | O7: =VLOOKUP(Hospitalisation_Details_2__3[[#This Row],[Customer ID]],Hospitalisation_Details_2__2!$1:$1048576,11,FALSE) -> tier - 3 | P7: =VLOOKUP(Hospitalisation_Details_2__3[[#This Row],[Customer ID]],Hospitalisation_Details_2__2!$1:$1048576,12,FALSE) -> R1012 | Q7: =VLOOKUP(Hospitalisation_Details_2__3[[#This Row],[Customer ID]],Hospitalisation_Details_2__2!$1:$1048576,13,FALSE) -> 25
A8: Id2329 | B8: =VLOOKUP(Customer_Names!A8,Customer_Names!$1:$1048576,4,FALSE) -> Scott | C8: =VLOOKUP(Medical_Examinations_2[[#This Row],[Customer ID]],Medical_Examinations!$1:$1048576,2,FALSE) -> 36.4 | D8: =VLOOKUP(Medical_Examinations_2[[#This Row],[Customer ID]],Medical_Examinations!$1:$1048576,4,FALSE) -> 6.07 | E8: =VLOOKUP(Medical_Examinations_2[[#This Row],[Customer ID]],Medical_Examinations!$1:$1048576,6,FALSE) -> No | F8: =VLOOKUP(Medical_Examinations_2[[#This Row],[Customer ID]],Medical_Examinations!$1:$1048576,7,FALSE) -> No | G8: =VLOOKUP(Medical_Examinations_2[[#This Row],[Customer ID]],Medical_Examinations!$1:$1048576,8,FALSE) -> No | H8: =VLOOKUP(Medical_Examinations_2[[#This Row],[Customer ID]],Medical_Examinations!$1:$1048576,9,FALSE) -> No major surgery | I8: =VLOOKUP(Medical_Examinations_2[[#This Row],[Customer ID]],Medical_Examinations!$1:$1048576,11,FALSE) -> Yes | J8: =VLOOKUP(Medical_Examinations_2[[#This Row],[Customer ID]],Medical_Examinations!$1:$1048576,3,FALSE) -> Obesity | K8: =VLOOKUP(Medical_Examinations_2[[#This Row],[Customer ID]],Medical_Examinations!$1:$1048576,5,FALSE) -> Prediabetes | L8: =VLOOKUP(Hospitalisation_Details_2__3[[#This Row],[Customer ID]],Hospitalisation_Details_2__2!$1:$1048576,7,FALSE) -> 34121 | M8: =VLOOKUP(Hospitalisation_Details_2__3[[#This Row],[Customer ID]],Hospitalisation_Details_2__2!$1:$1048576,9,FALSE) -> $650 | N8: =VLOOKUP(Hospitalisation_Details_2__3[[#This Row],[Customer ID]],Hospitalisation_Details_2__2!$1:$1048576,10,FALSE) -> tier - 3 | O8: =VLOOKUP(Hospitalisation_Details_2__3[[#This Row],[Customer ID]],Hospitalisation_Details_2__2!$1:$1048576,11,FALSE) -> tier - 3 | P8: =VLOOKUP(Hospitalisation_Details_2__3[[#This Row],[Customer ID]],Hospitalisation_Details_2__2!$1:$1048576,12,FALSE) -> R1013 | Q8: =VLOOKUP(Hospitalisation_Details_2__3[[#This Row],[Customer ID]],Hospitalisation_Details_2__2!$1:$1048576,13,FALSE) -> 33
A9: Id2328 | B9: =VLOOKUP(Customer_Names!A9,Customer_Names!$1:$1048576,4,FALSE) -> Stephen | C9: =VLOOKUP(Medical_Examinations_2[[#This Row],[Customer ID]],Medical_Examinations!$1:$1048576,2,FALSE) -> 36.96 | D9: =VLOOKUP(Medical_Examinations_2[[#This Row],[Customer ID]],Medical_Examinations!$1:$1048576,4,FALSE) -> 7.93 | E9: =VLOOKUP(Medical_Examinations_2[[#This Row],[Customer ID]],Medical_Examinations!$1:$1048576,6,FALSE) -> No | F9: =VLOOKUP(Medical_Examinations_2[[#This Row],[Customer ID]],Medical_Examinations!$1:$1048576,7,FALSE) -> No | G9: =VLOOKUP(Medical_Examinations_2[[#This Row],[Customer ID]],Medical_Examinations!$1:$1048576,8,FALSE) -> No | H9: =VLOOKUP(Medical_Examinations_2[[#This Row],[Customer ID]],Medical_Examinations!$1:$1048576,9,FALSE) -> 3 | I9: =VLOOKUP(Medical_Examinations_2[[#This Row],[Customer ID]],Medical_Examinations!$1:$1048576,11,FALSE) -> Yes | J9: =VLOOKUP(Medical_Examinations_2[[#This Row],[Customer ID]],Medical_Examinations!$1:$1048576,3,FALSE) -> Obesity | K9: =VLOOKUP(Medical_Examinations_2[[#This Row],[Customer ID]],Medical_Examinations!$1:$1048576,5,FALSE) -> Diabetes | L9: =VLOOKUP(Hospitalisation_Details_2__3[[#This Row],[Customer ID]],Hospitalisation_Details_2__2!$1:$1048576,7,FALSE) -> 34884 | M9: =VLOOKUP(Hospitalisation_Details_2__3[[#This Row],[Customer ID]],Hospitalisation_Details_2__2!$1:$1048576,9,FALSE) -> $650 | N9: =VLOOKUP(Hospitalisation_Details_2__3[[#This Row],[Customer ID]],Hospitalisation_Details_2__2!$1:$1048576,10,FALSE) -> tier - 3 | O9: =VLOOKUP(Hospitalisation_Details_2__3[[#This Row],[Customer ID]],Hospitalisation_Details_2__2!$1:$1048576,11,FALSE) -> tier - 3 | P9: =VLOOKUP(Hospitalisation_Details_2__3[[#This Row],[Customer ID]],Hospitalisation_Details_2__2!$1:$1048576,12,FALSE) -> R1013 | Q9: =VLOOKUP(Hospitalisation_Details_2__3[[#This Row],[Customer ID]],Hospitalisation_Details_2__2!$1:$1048576,13,FALSE) -> 31
A10: Id2327 | B10: =VLOOKUP(Customer_Names!A10,Customer_Names!$1:$1048576,4,FALSE) -> Patrick R. | C10: =VLOOKUP(Medical_Examinations_2[[#This Row],[Customer ID]],Medical_Examinations!$1:$1048576,2,FALSE) -> 41.14 | D10: =VLOOKUP(Medical_Examinations_2[[#This Row],[Customer ID]],Medical_Examinations!$1:$1048576,4,FALSE) -> 9.58 | E10: =VLOOKUP(Medical_Examinations_2[[#This Row],[Customer ID]],Medical_Examinations!$1:$1048576,6,FALSE) -> Yes | F10: =VLOOKUP(Medical_Examinations_2[[#This Row],[Customer ID]],Medical_Examinations!$1:$1048576,7,FALSE) -> No | G10: =VLOOKUP(Medical_Examinations_2[[#This Row],[Customer ID]],Medical_Examinations!$1:$1048576,8,FALSE) -> Yes | H10: =VLOOKUP(Medical_Examinations_2[[#This Row],[Customer ID]],Medical_Examinations!$1:$1048576,9,FALSE) -> 1 | I10: =VLOOKUP(Medical_Examinations_2[[#This Row],[Customer ID]],Medical_Examinations!$1:$1048576,11,FALSE) -> Yes | J10: =VLOOKUP(Medical_Examinations_2[[#This Row],[Customer ID]],Medical_Examinations!$1:$1048576,3,FALSE) -> Obesity | K10: =VLOOKUP(Medical_Examinations_2[[#This Row],[Customer ID]],Medical_Examinations!$1:$1048576,5,FALSE) -> Diabetes | L10: =VLOOKUP(Hospitalisation_Details_2__3[[#This Row],[Customer ID]],Hospitalisation_Details_2__2!$1:$1048576,7,FALSE) -> 37589 | M10: =VLOOKUP(Hospitalisation_Details_2__3[[#This Row],[Customer ID]],Hospitalisation_Details_2__2!$1:$1048576,9,FALSE) -> $668 | N10: =VLOOKUP(Hospitalisation_Details_2__3[[#This Row],[Customer ID]],Hospitalisation_Details_2__2!$1:$1048576,10,FALSE) -> tier - 3 | O10: =VLOOKUP(Hospitalisation_Details_2__3[[#This Row],[Customer ID]],Hospitalisation_Details_2__2!$1:$1048576,11,FALSE) -> tier - 2 | P10: =VLOOKUP(Hospitalisation_Details_2__3[[#This Row],[Customer ID]],Hospitalisation_Details_2__2!$1:$1048576,12,FALSE) -> R1012 | Q10: =VLOOKUP(Hospitalisation_Details_2__3[[#This Row],[Customer ID]],Hospitalisation_Details_2__2!$1:$1048576,13,FALSE) -> 24
A11: Id2326 | B11: =VLOOKUP(Customer_Names!A11,Customer_Names!$1:$1048576,4,FALSE) -> Brooke N. | C11: =VLOOKUP(Medical_Examinations_2[[#This Row],[Customer ID]],Medical_Examinations!$1:$1048576,2,FALSE) -> 38.06 | D11: =VLOOKUP(Medical_Examinations_2[[#This Row],[Customer ID]],Medical_Examinations!$1:$1048576,4,FALSE) -> 10.79 | E11: =VLOOKUP(Medical_Examinations_2[[#This Row],[Customer ID]],Medical_Examinations!$1:$1048576,6,FALSE) -> No | F11: =VLOOKUP(Medical_Examinations_2[[#This Row],[Customer ID]],Medical_Examinations!$1:$1048576,7,FALSE) -> No | G11: =VLOOKUP(Medical_Examinations_2[[#This Row],[Customer ID]],Medical_Examinations!$1:$1048576,8,FALSE) -> No | H11: =VLOOKUP(Medical_Examinations_2[[#This Row],[Customer ID]],Medical_Examinations!$1:$1048576,9,FALSE) -> No major surgery | I11: =VLOOKUP(Medical_Examinations_2[[#This Row],[Customer ID]],Medical_Examinations!$1:$1048576,11,FALSE) -> Yes | J11: =VLOOKUP(Medical_Examinations_2[[#This Row],[Customer ID]],Medical_Examinations!$1:$1048576,3,FALSE) -> Obesity | K11: =VLOOKUP(Medical_Examinations_2[[#This Row],[Customer ID]],Medical_Examinations!$1:$1048576,5,FALSE) -> Diabetes | L11: =VLOOKUP(Hospitalisation_Details_2__3[[#This Row],[Customer ID]],Hospitalisation_Details_2__2!$1:$1048576,7,FALSE) -> 35743 | M11: =VLOOKUP(Hospitalisation_Details_2__3[[#This Row],[Customer ID]],Hospitalisation_Details_2__2!$1:$1048576,9,FALSE) -> $670 | N11: =VLOOKUP(Hospitalisation_Details_2__3[[#This Row],[Customer ID]],Hospitalisation_Details_2__2!$1:$1048576,10,FALSE) -> tier - 3 | O11: =VLOOKUP(Hospitalisation_Details_2__3[[#This Row],[Customer ID]],Hospitalisation_Details_2__2!$1:$1048576,11,FALSE) -> tier - 3 | P11: =VLOOKUP(Hospitalisation_Details_2__3[[#This Row],[Customer ID]],Hospitalisation_Details_2__2!$1:$1048576,12,FALSE) -> R1013 | Q11: =VLOOKUP(Hospitalisation_Details_2__3[[#This Row],[Customer ID]],Hospitalisation_Details_2__2!$1:$1048576,13,FALSE) -> 29
A12: Id2325 | B12: =VLOOKUP(Customer_Names!A12,Customer_Names!$1:$1048576,4,FALSE) -> Ms. Paola Andrea | C12: =VLOOKUP(Medical_Examinations_2[[#This Row],[Customer ID]],Medical_Examinations!$1:$1048576,2,FALSE) -> 37.7 | D12: =VLOOKUP(Medical_Examinations_2[[#This Row],[Customer ID]],Medical_Examinations!$1:$1048576,4,FALSE) -> 5.96 | E12: =VLOOKUP(Medical_Examinations_2[[#This Row],[Customer ID]],Medical_Examinations!$1:$1048576,6,FALSE) -> Yes | F12: =VLOOKUP(Medical_Examinations_2[[#This Row],[Customer ID]],Medical_Examinations!$1:$1048576,7,FALSE) -> No | G12: =VLOOKUP(Medical_Examinations_2[[#This Row],[Customer ID]],Medical_Examinations!$1:$1048576,8,FALSE) -> No | H12: =VLOOKUP(Medical_Examinations_2[[#This Row],[Customer ID]],Medical_Examinations!$1:$1048576,9,FALSE) -> 2 | I12: =VLOOKUP(Medical_Examinations_2[[#This Row],[Customer ID]],Medical_Examinations!$1:$1048576,11,FALSE) -> Yes | J12: =VLOOKUP(Medical_Examinations_2[[#This Row],[Customer ID]],Medical_Examinations!$1:$1048576,3,FALSE) -> Obesity | K12: =VLOOKUP(Medical_Examinations_2[[#This Row],[Customer ID]],Medical_Examinations!$1:$1048576,5,FALSE) -> Prediabetes | L12: =VLOOKUP(Hospitalisation_Details_2__3[[#This Row],[Customer ID]],Hospitalisation_Details_2__2!$1:$1048576,7,FALSE) -> 37146 | M12: =VLOOKUP(Hospitalisation_Details_2__3[[#This Row],[Customer ID]],Hospitalisation_Details_2__2!$1:$1048576,9,FALSE) -> $687.54 | N12: =VLOOKUP(Hospitalisation_Details_2__3[[#This Row],[Customer ID]],Hospitalisation_Details_2__2!$1:$1048576,10,FALSE) -> tier - 3 | O12: =VLOOKUP(Hospitalisation_Details_2__3[[#This Row],[Customer ID]],Hospitalisation_Details_2__2!$1:$1048576,11,FALSE) -> tier - 2 | P12: =VLOOKUP(Hospitalisation_Details_2__3[[#This Row],[Customer ID]],Hospitalisation_Details_2__2!$1:$1048576,12,FALSE) -> R1013 | Q12: =VLOOKUP(Hospitalisation_Details_2__3[[#This Row],[Customer ID]],Hospitalisation_Details_2__2!$1:$1048576,13,FALSE) -> 25
A13: Id2324 | B13: =VLOOKUP(Customer_Names!A13,Customer_Names!$1:$1048576,4,FALSE) -> David | C13: =VLOOKUP(Medical_Examinations_2[[#This Row],[Customer ID]],Medical_Examinations!$1:$1048576,2,FALSE) -> 42.13 | D13: =VLOOKUP(Medical_Examinations_2[[#This Row],[Customer ID]],Medical_Examinations!$1:$1048576,4,FALSE) -> 11.9 | E13: =VLOOKUP(Medical_Examinations_2[[#This Row],[Customer ID]],Medical_Examinations!$1:$1048576,6,FALSE) -> No | F13: =VLOOKUP(Medical_Examinations_2[[#This Row],[Customer ID]],Medical_Examinations!$1:$1048576,7,FALSE) -> No | G13: =VLOOKUP(Medical_Examinations_2[[#This Row],[Customer ID]],Medical_Examinations!$1:$1048576,8,FALSE) -> No | H13: =VLOOKUP(Medical_Examinations_2[[#This Row],[Customer ID]],Medical_Examinations!$1:$1048576,9,FALSE) -> No major surgery | I13: =VLOOKUP(Medical_Examinations_2[[#This Row],[Customer ID]],Medical_Examinations!$1:$1048576,11,FALSE) -> Yes | J13: =VLOOKUP(Medical_Examinations_2[[#This Row],[Customer ID]],Medical_Examinations!$1:$1048576,3,FALSE) -> Obesity | K13: =VLOOKUP(Medical_Examinations_2[[#This Row],[Customer ID]],Medical_Examinations!$1:$1048576,5,FALSE) -> Diabetes | L13: =VLOOKUP(Hospitalisation_Details_2__3[[#This Row],[Customer ID]],Hospitalisation_Details_2__2!$1:$1048576,7,FALSE) -> 36520 | M13: =VLOOKUP(Hospitalisation_Details_2__3[[#This Row],[Customer ID]],Hospitalisation_Details_2__2!$1:$1048576,9,FALSE) -> $700 | N13: =VLOOKUP(Hospitalisation_Details_2__3[[#This Row],[Customer ID]],Hospitalisation_Details_2__2!$1:$1048576,10,FALSE) -> tier-2 | O13: =VLOOKUP(Hospitalisation_Details_2__3[[#This Row],[Customer ID]],Hospitalisation_Details_2__2!$1:$1048576,11,FALSE) -> tier - 3 | P13: =VLOOKUP(Hospitalisation_Details_2__3[[#This Row],[Customer ID]],Hospitalisation_Details_2__2!$1:$1048576,12,FALSE) -> R1013 | Q13: =VLOOKUP(Hospitalisation_Details_2__3[[#This Row],[Customer ID]],Hospitalisation_Details_2__2!$1:$1048576,13,FALSE) -> 27
A14: Id2323 | B14: =VLOOKUP(Customer_Names!A14,Customer_Names!$1:$1048576,4,FALSE) -> Wade | C14: =VLOOKUP(Medical_Examinations_2[[#This Row],[Customer ID]],Medical_Examinations!$1:$1048576,2,FALSE) -> 40.92 | D14: =VLOOKUP(Medical_Examinations_2[[#This Row],[Customer ID]],Medical_Examinations!$1:$1048576,4,FALSE) -> 8.41 | E14: =VLOOKUP(Medical_Examinations_2[[#This Row],[Customer ID]],Medical_Examinations!$1:$1048576,6,FALSE) -> No | F14: =VLOOKUP(Medical_Examinations_2[[#This Row],[Customer ID]],Medical_Examinations!$1:$1048576,7,FALSE) -> No | G14: =VLOOKUP(Medical_Examinations_2[[#This Row],[Customer ID]],Medical_Examinations!$1:$1048576,8,FALSE) -> No | H14: =VLOOKUP(Medical_Examinations_2[[#This Row],[Customer ID]],Medical_Examinations!$1:$1048576,9,FALSE) -> No major surgery | I14: =VLOOKUP(Medical_Examinations_2[[#This Row],[Customer ID]],Medical_Examinations!$1:$1048576,11,FALSE) -> Yes | J14: =VLOOKUP(Medical_Examinations_2[[#This Row],[Customer ID]],Medical_Examinations!$1:$1048576,3,FALSE) -> Obesity | K14: =VLOOKUP(Medical_Examinations_2[[#This Row],[Customer ID]],Medical_Examinations!$1:$1048576,5,FALSE) -> Diabetes | L14: =VLOOKUP(Hospitalisation_Details_2__3[[#This Row],[Customer ID]],Hospitalisation_Details_2__2!$1:$1048576,7,FALSE) -> 36508 | M14: =VLOOKUP(Hospitalisation_Details_2__3[[#This Row],[Customer ID]],Hospitalisation_Details_2__2!$1:$1048576,9,FALSE) -> $722.99 | N14: =VLOOKUP(Hospitalisation_Details_2__3[[#This Row],[Customer ID]],Hospitalisation_Details_2__2!$1:$1048576,10,FALSE) -> tier - 3 | O14: =VLOOKUP(Hospitalisation_Details_2__3[[#This Row],[Customer ID]],Hospitalisation_Details_2__2!$1:$1048576,11,FALSE) -> tier - 1 | P14: =VLOOKUP(Hospitalisation_Details_2__3[[#This Row],[Customer ID]],Hospitalisation_Details_2__2!$1:$1048576,12,FALSE) -> R1013 | Q14: =VLOOKUP(Hospitalisation_Details_2__3[[#This Row],[Customer ID]],Hospitalisation_Details_2__2!$1:$1048576,13,FALSE) -> 27
... A25: Id2312 | B25: =VLOOKUP(Customer_Names!A25,Customer_Names!$1:$1048576,4,FALSE) -> Eric A. | C25: =VLOOKUP(Medical_Examinations_2[[#This Row],[Customer ID]],Medical_Examinations!$1:$1048576,2,FALSE) -> 41.8 | D25: =VLOOKUP(Medical_Examinations_2[[#This Row],[Customer ID]],Medical_Examinations!$1:$1048576,4,FALSE) -> 7.89 | E25: =VLOOKUP(Medical_Examinations_2[[#This Row],[Customer ID]],Medical_Examinations!$1:$1048576,6,FALSE) -> Yes | F25: =VLOOKUP(Medical_Examinations_2[[#This Row],[Customer ID]],Medical_Examinations!$1:$1048576,7,FALSE) -> No | G25: =VLOOKUP(Medical_Examinations_2[[#This Row],[Customer ID]],Medical_Examinations!$1:$1048576,8,FALSE) -> No | H25: =VLOOKUP(Medical_Examinations_2[[#This Row],[Customer ID]],Medical_Examinations!$1:$1048576,9,FALSE) -> 2 | I25: =VLOOKUP(Medical_Examinations_2[[#This Row],[Customer ID]],Medical_Examinations!$1:$1048576,11,FALSE) -> Yes | J25: =VLOOKUP(Medical_Examinations_2[[#This Row],[Customer ID]],Medical_Examinations!$1:$1048576,3,FALSE) -> Obesity | K25: =VLOOKUP(Medical_Examinations_2[[#This Row],[Customer ID]],Medical_Examinations!$1:$1048576,5,FALSE) -> Diabetes | L25: =VLOOKUP(Hospitalisation_Details_2__3[[#This Row],[Customer ID]],Hospitalisation_Details_2__2!$1:$1048576,7,FALSE) -> 35000 | M25: =VLOOKUP(Hospitalisation_Details_2__3[[#This Row],[Customer ID]],Hospitalisation_Details_2__2!$1:$1048576,9,FALSE) -> $928.59 | N25: =VLOOKUP(Hospitalisation_Details_2__3[[#This Row],[Customer ID]],Hospitalisation_Details_2__2!$1:$1048576,10,FALSE) -> tier - 3 | O25: =VLOOKUP(Hospitalisation_Details_2__3[[#This Row],[Customer ID]],Hospitalisation_Details_2__2!$1:$1048576,11,FALSE) -> tier - 1 | P25: =VLOOKUP(Hospitalisation_Details_2__3[[#This Row],[Customer ID]],Hospitalisation_Details_2__2!$1:$1048576,12,FALSE) -> R1013 | Q25: =VLOOKUP(Hospitalisation_Details_2__3[[#This Row],[Customer ID]],Hospitalisation_Details_2__2!$1:$1048576,13,FALSE) -> 31
A26: Id2311 | B26: =VLOOKUP(Customer_Names!A26,Customer_Names!$1:$1048576,4,FALSE) -> Emiliano I. | C26: =VLOOKUP(Medical_Examinations_2[[#This Row],[Customer ID]],Medical_Examinations!$1:$1048576,2,FALSE) -> 35.09 | D26: =VLOOKUP(Medical_Examinations_2[[#This Row],[Customer ID]],Medical_Examinations!$1:$1048576,4,FALSE) -> 4.38 | E26: =VLOOKUP(Medical_Examinations_2[[#This Row],[Customer ID]],Medical_Examinations!$1:$1048576,6,FALSE) -> Yes | F26: =VLOOKUP(Medical_Examinations_2[[#This Row],[Customer ID]],Medical_Examinations!$1:$1048576,7,FALSE) -> No | H26: =VLOOKUP(Medical_Examinations_2[[#This Row],[Customer ID]],Medical_Examinations!$1:$1048576,9,FALSE) -> 2 | I26: =VLOOKUP(Medical_Examinations_2[[#This Row],[Customer ID]],Medical_Examinations!$1:$1048576,11,FALSE) -> Yes | J26: =VLOOKUP(Medical_Examinations_2[[#This Row],[Customer ID]],Medical_Examinations!$1:$1048576,3,FALSE) -> Obesity | K26: =VLOOKUP(Medical_Examinations_2[[#This Row],[Customer ID]],Medical_Examinations!$1:$1048576,5,FALSE) -> Normal | L26: =VLOOKUP(Hospitalisation_Details_2__3[[#This Row],[Customer ID]],Hospitalisation_Details_2__2!$1:$1048576,7,FALSE) -> 37122 | M26: =VLOOKUP(Hospitalisation_Details_2__3[[#This Row],[Customer ID]],Hospitalisation_Details_2__2!$1:$1048576,9,FALSE) -> $964.71 | N26: =VLOOKUP(Hospitalisation_Details_2__3[[#This Row],[Customer ID]],Hospitalisation_Details_2__2!$1:$1048576,10,FALSE) -> tier - 3 | O26: =VLOOKUP(Hospitalisation_Details_2__3[[#This Row],[Customer ID]],Hospitalisation_Details_2__2!$1:$1048576,11,FALSE) -> tier - 2 | P26: =VLOOKUP(Hospitalisation_Details_2__3[[#This Row],[Customer ID]],Hospitalisation_Details_2__2!$1:$1048576,12,FALSE) -> R1013 | Q26: =VLOOKUP(Hospitalisation_Details_2__3[[#This Row],[Customer ID]],Hospitalisation_Details_2__2!$1:$1048576,13,FALSE) -> 25
A27: Id2310 | B27: =VLOOKUP(Customer_Names!A27,Customer_Names!$1:$1048576,4,FALSE) -> Adam | C27: =VLOOKUP(Medical_Examinations_2[[#This Row],[Customer ID]],Medical_Examinations!$1:$1048576,2,FALSE) -> 33.88 | D27: =VLOOKUP(Medical_Examinations_2[[#This Row],[Customer ID]],Medical_Examinations!$1:$1048576,4,FALSE) -> 7.01 | E27: =VLOOKUP(Medical_Examinations_2[[#This Row],[Customer ID]],Medical_Examinations!$1:$1048576,6,FALSE) -> No | F27: =VLOOKUP(Medical_Examinations_2[[#This Row],[Customer ID]],Medical_Examinations!$1:$1048576,7,FALSE) -> No | H27: =VLOOKUP(Medical_Examinations_2[[#This Row],[Customer ID]],Medical_Examinations!$1:$1048576,9,FALSE) -> 3 | I27: =VLOOKUP(Medical_Examinations_2[[#This Row],[Customer ID]],Medical_Examinations!$1:$1048576,11,FALSE) -> Yes | J27: =VLOOKUP(Medical_Examinations_2[[#This Row],[Customer ID]],Medical_Examinations!$1:$1048576,3,FALSE) -> Obesity | K27: =VLOOKUP(Medical_Examinations_2[[#This Row],[Customer ID]],Medical_Examinations!$1:$1048576,5,FALSE) -> Diabetes | L27: =VLOOKUP(Hospitalisation_Details_2__3[[#This Row],[Customer ID]],Hospitalisation_Details_2__2!$1:$1048576,7,FALSE) -> 34660 | M27: =VLOOKUP(Hospitalisation_Details_2__3[[#This Row],[Customer ID]],Hospitalisation_Details_2__2!$1:$1048576,9,FALSE) -> $1006.65 | N27: =VLOOKUP(Hospitalisation_Details_2__3[[#This Row],[Customer ID]],Hospitalisation_Details_2__2!$1:$1048576,10,FALSE) -> tier - 3 | O27: =VLOOKUP(Hospitalisation_Details_2__3[[#This Row],[Customer ID]],Hospitalisation_Details_2__2!$1:$1048576,11,FALSE) -> tier - 2 | P27: =VLOOKUP(Hospitalisation_Details_2__3[[#This Row],[Customer ID]],Hospitalisation_Details_2__2!$1:$1048576,12,FALSE) -> R1013 | Q27: =VLOOKUP(Hospitalisation_Details_2__3[[#This Row],[Customer ID]],Hospitalisation_Details_2__2!$1:$1048576,13,FALSE) -> 32
A28: Id2309 | B28: =VLOOKUP(Customer_Names!A28,Customer_Names!$1:$1048576,4,FALSE) -> Mr. Zach | C28: =VLOOKUP(Medical_Examinations_2[[#This Row],[Customer ID]],Medical_Examinations!$1:$1048576,2,FALSE) -> 30.875 | D28: =VLOOKUP(Medical_Examinations_2[[#This Row],[Customer ID]],Medical_Examinations!$1:$1048576,4,FALSE) -> 11.88 | E28: =VLOOKUP(Medical_Examinations_2[[#This Row],[Customer ID]],Medical_Examinations!$1:$1048576,6,FALSE) -> No | F28: =VLOOKUP(Medical_Examinations_2[[#This Row],[Customer ID]],Medical_Examinations!$1:$1048576,7,FALSE) -> No | H28: =VLOOKUP(Medical_Examinations_2[[#This Row],[Customer ID]],Medical_Examinations!$1:$1048576,9,FALSE) -> No major surgery | I28: =VLOOKUP(Medical_Examinations_2[[#This Row],[Customer ID]],Medical_Examinations!$1:$1048576,11,FALSE) -> Yes | J28: =VLOOKUP(Medical_Examinations_2[[#This Row],[Customer ID]],Medical_Examinations!$1:$1048576,3,FALSE) -> Obesity | K28: =VLOOKUP(Medical_Examinations_2[[#This Row],[Customer ID]],Medical_Examinations!$1:$1048576,5,FALSE) -> Diabetes | L28: =VLOOKUP(Hospitalisation_Details_2__3[[#This Row],[Customer ID]],Hospitalisation_Details_2__2!$1:$1048576,7,FALSE) -> 36808 | M28: =VLOOKUP(Hospitalisation_Details_2__3[[#This Row],[Customer ID]],Hospitalisation_Details_2__2!$1:$1048576,9,FALSE) -> $1012 | N28: =VLOOKUP(Hospitalisation_Details_2__3[[#This Row],[Customer ID]],Hospitalisation_Details_2__2!$1:$1048576,10,FALSE) -> tier - 3 | O28: =VLOOKUP(Hospitalisation_Details_2__3[[#This Row],[Customer ID]],Hospitalisation_Details_2__2!$1:$1048576,11,FALSE) -> tier - 2 | P28: =VLOOKUP(Hospitalisation_Details_2__3[[#This Row],[Customer ID]],Hospitalisation_Details_2__2!$1:$1048576,12,FALSE) -> R1013 | Q28: =VLOOKUP(Hospitalisation_Details_2__3[[#This Row],[Customer ID]],Hospitalisation_Details_2__2!$1:$1048576,13,FALSE) -> 26
A29: Id2308 | B29: =VLOOKUP(Customer_Names!A29,Customer_Names!$1:$1048576,4,FALSE) -> Stephanie W. | C29: =VLOOKUP(Medical_Examinations_2[[#This Row],[Customer ID]],Medical_Examinations!$1:$1048576,2,FALSE) -> 36.86 | D29: =VLOOKUP(Medical_Examinations_2[[#This Row],[Customer ID]],Medical_Examinations!$1:$1048576,4,FALSE) -> 5.19 | E29: =VLOOKUP(Medical_Examinations_2[[#This Row],[Customer ID]],Medical_Examinations!$1:$1048576,6,FALSE) -> Yes | F29: =VLOOKUP(Medical_Examinations_2[[#This Row],[Customer ID]],Medical_Examinations!$1:$1048576,7,FALSE) -> No | H29: =VLOOKUP(Medical_Examinations_2[[#This Row],[Customer ID]],Medical_Examinations!$1:$1048576,9,FALSE) -> 1 | I29: =VLOOKUP(Medical_Examinations_2[[#This Row],[Customer ID]],Medical_Examinations!$1:$1048576,11,FALSE) -> Yes | J29: =VLOOKUP(Medical_Examinations_2[[#This Row],[Customer ID]],Medical_Examinations!$1:$1048576,3,FALSE) -> Obesity | K29: =VLOOKUP(Medical_Examinations_2[[#This Row],[Customer ID]],Medical_Examinations!$1:$1048576,5,FALSE) -> Normal | L29: =VLOOKUP(Hospitalisation_Details_2__3[[#This Row],[Customer ID]],Hospitalisation_Details_2__2!$1:$1048576,7,FALSE) -> 36377 | M29: =VLOOKUP(Hospitalisation_Details_2__3[[#This Row],[Customer ID]],Hospitalisation_Details_2__2!$1:$1048576,9,FALSE) -> $1019 | N29: =VLOOKUP(Hospitalisation_Details_2__3[[#This Row],[Customer ID]],Hospitalisation_Details_2__2!$1:$1048576,10,FALSE) -> tier - 3 | O29: =VLOOKUP(Hospitalisation_Details_2__3[[#This Row],[Customer ID]],Hospitalisation_Details_2__2!$1:$1048576,11,FALSE) -> tier - 2 | P29: =VLOOKUP(Hospitalisation_Details_2__3[[#This Row],[Customer ID]],Hospitalisation_Details_2__2!$1:$1048576,12,FALSE) -> R1013 | Q29: =VLOOKUP(Hospitalisation_Details_2__3[[#This Row],[Customer ID]],Hospitalisation_Details_2__2!$1:$1048576,13,FALSE) -> 27
A30: Id2307 | B30: =VLOOKUP(Customer_Names!A30,Customer_Names!$1:$1048576,4,FALSE) -> Stephen | C30: =VLOOKUP(Medical_Examinations_2[[#This Row],[Customer ID]],Medical_Examinations!$1:$1048576,2,FALSE) -> 35.86 | D30: =VLOOKUP(Medical_Examinations_2[[#This Row],[Customer ID]],Medical_Examinations!$1:$1048576,4,FALSE) -> 6.74 | E30: =VLOOKUP(Medical_Examinations_2[[#This Row],[Customer ID]],Medical_Examinations!$1:$1048576,6,FALSE) -> Yes | F30: =VLOOKUP(Medical_Examinations_2[[#This Row],[Customer ID]],Medical_Examinations!$1:$1048576,7,FALSE) -> No | H30: =VLOOKUP(Medical_Examinations_2[[#This Row],[Customer ID]],Medical_Examinations!$1:$1048576,9,FALSE) -> 2 | I30: =VLOOKUP(Medical_Examinations_2[[#This Row],[Customer ID]],Medical_Examinations!$1:$1048576,11,FALSE) -> Yes | J30: =VLOOKUP(Medical_Examinations_2[[#This Row],[Customer ID]],Medical_Examinations!$1:$1048576,3,FALSE) -> Obesity | K30: =VLOOKUP(Medical_Examinations_2[[#This Row],[Customer ID]],Medical_Examinations!$1:$1048576,5,FALSE) -> Diabetes | L30: =VLOOKUP(Hospitalisation_Details_2__3[[#This Row],[Customer ID]],Hospitalisation_Details_2__2!$1:$1048576,7,FALSE) -> 34977 | M30: =VLOOKUP(Hospitalisation_Details_2__3[[#This Row],[Customer ID]],Hospitalisation_Details_2__2!$1:$1048576,9,FALSE) -> $1033.74 | N30: =VLOOKUP(Hospitalisation_Details_2__3[[#This Row],[Customer ID]],Hospitalisation_Details_2__2!$1:$1048576,10,FALSE) -> tier - 3 | O30: =VLOOKUP(Hospitalisation_Details_2__3[[#This Row],[Customer ID]],Hospitalisation_Details_2__2!$1:$1048576,11,FALSE) -> tier - 1 | P30: =VLOOKUP(Hospitalisation_Details_2__3[[#This Row],[Customer ID]],Hospitalisation_Details_2__2!$1:$1048576,12,FALSE) -> R1013 | Q30: =VLOOKUP(Hospitalisation_Details_2__3[[#This Row],[Customer ID]],Hospitalisation_Details_2__2!$1:$1048576,13,FALSE) -> 31
A31: Id2306 | B31: =VLOOKUP(Customer_Names!A31,Customer_Names!$1:$1048576,4,FALSE) -> Natalie | C31: =VLOOKUP(Medical_Examinations_2[[#This Row],[Customer ID]],Medical_Examinations!$1:$1048576,2,FALSE) -> 37.05 | D31: =VLOOKUP(Medical_Examinations_2[[#This Row],[Customer ID]],Medical_Examinations!$1:$1048576,4,FALSE) -> 8.44 | E31: =VLOOKUP(Medical_Examinations_2[[#This Row],[Customer ID]],Medical_Examinations!$1:$1048576,6,FALSE) -> No | F31: =VLOOKUP(Medical_Examinations_2[[#This Row],[Customer ID]],Medical_Examinations!$1:$1048576,7,FALSE) -> No | H31: =VLOOKUP(Medical_Examinations_2[[#This Row],[Customer ID]],Medical_Examinations!$1:$1048576,9,FALSE) -> No major surgery | I31: =VLOOKUP(Medical_Examinations_2[[#This Row],[Customer ID]],Medical_Examinations!$1:$1048576,11,FALSE) -> Yes | J31: =VLOOKUP(Medical_Examinations_2[[#This Row],[Customer ID]],Medical_Examinations!$1:$1048576,3,FALSE) -> Obesity | K31: =VLOOKUP(Medical_Examinations_2[[#This Row],[Customer ID]],Medical_Examinations!$1:$1048576,5,FALSE) -> Diabetes | L31: =VLOOKUP(Hospitalisation_Details_2__3[[#This Row],[Customer ID]],Hospitalisation_Details_2__2!$1:$1048576,7,FALSE) -> 34655 | M31: =VLOOKUP(Hospitalisation_Details_2__3[[#This Row],[Customer ID]],Hospitalisation_Details_2__2!$1:$1048576,9,FALSE) -> $1044 | N31: =VLOOKUP(Hospitalisation_Details_2__3[[#This Row],[Customer ID]],Hospitalisation_Details_2__2!$1:$1048576,10,FALSE) -> tier - 3 | O31: =VLOOKUP(Hospitalisation_Details_2__3[[#This Row],[Customer ID]],Hospitalisation_Details_2__2!$1:$1048576,11,FALSE) -> tier - 2 | P31: =VLOOKUP(Hospitalisation_Details_2__3[[#This Row],[Customer ID]],Hospitalisation_Details_2__2!$1:$1048576,12,FALSE) -> R1013 | Q31: =VLOOKUP(Hospitalisation_Details_2__3[[#This Row],[Customer ID]],Hospitalisation_Details_2__2!$1:$1048576,13,FALSE) -> 32
A32: Id2305 | B32: =VLOOKUP(Customer_Names!A32,Customer_Names!$1:$1048576,4,FALSE) -> Nicole J. | C32: =VLOOKUP(Medical_Examinations_2[[#This Row],[Customer ID]],Medical_Examinations!$1:$1048576,2,FALSE) -> 43.89 | D32: =VLOOKUP(Medical_Examinations_2[[#This Row],[Customer ID]],Medical_Examinations!$1:$1048576,4,FALSE) -> 8.71 | E32: =VLOOKUP(Medical_Examinations_2[[#This Row],[Customer ID]],Medical_Examinations!$1:$1048576,6,FALSE) -> No | F32: =VLOOKUP(Medical_Examinations_2[[#This Row],[Customer ID]],Medical_Examinations!$1:$1048576,7,FALSE) -> No | H32: =VLOOKUP(Medical_Examinations_2[[#This Row],[Customer ID]],Medical_Examinations!$1:$1048576,9,FALSE) -> No major surgery | I32: =VLOOKUP(Medical_Examinations_2[[#This Row],[Customer ID]],Medical_Examinations!$1:$1048576,11,FALSE) -> Yes | J32: =VLOOKUP(Medical_Examinations_2[[#This Row],[Customer ID]],Medical_Examinations!$1:$1048576,3,FALSE) -> Obesity | K32: =VLOOKUP(Medical_Examinations_2[[#This Row],[Customer ID]],Medical_Examinations!$1:$1048576,5,FALSE) -> Diabetes | L32: =VLOOKUP(Hospitalisation_Details_2__3[[#This Row],[Customer ID]],Hospitalisation_Details_2__2!$1:$1048576,7,FALSE) -> 37457 | M32: =VLOOKUP(Hospitalisation_Details_2__3[[#This Row],[Customer ID]],Hospitalisation_Details_2__2!$1:$1048576,9,FALSE) -> $1047 | N32: =VLOOKUP(Hospitalisation_Details_2__3[[#This Row],[Customer ID]],Hospitalisation_Details_2__2!$1:$1048576,10,FALSE) -> tier - 3 | O32: =VLOOKUP(Hospitalisation_Details_2__3[[#This Row],[Customer ID]],Hospitalisation_Details_2__2!$1:$1048576,11,FALSE) -> tier - 1 | P32: =VLOOKUP(Hospitalisation_Details_2__3[[#This Row],[Customer ID]],Hospitalisation_Details_2__2!$1:$1048576,12,FALSE) -> R1013 | Q32: =VLOOKUP(Hospitalisation_Details_2__3[[#This Row],[Customer ID]],Hospitalisation_Details_2__2!$1:$1048576,13,FALSE) -> 24
A33: Id2304 | B33: =VLOOKUP(Customer_Names!A33,Customer_Names!$1:$1048576,4,FALSE) -> Jefferson D | C33: =VLOOKUP(Medical_Examinations_2[[#This Row],[Customer ID]],Medical_Examinations!$1:$1048576,2,FALSE) -> 42.35 | D33: =VLOOKUP(Medical_Examinations_2[[#This Row],[Customer ID]],Medical_Examinations!$1:$1048576,4,FALSE) -> 5.08 | E33: =VLOOKUP(Medical_Examinations_2[[#This Row],[Customer ID]],Medical_Examinations!$1:$1048576,6,FALSE) -> Yes | F33: =VLOOKUP(Medical_Examinations_2[[#This Row],[Customer ID]],Medical_Examinations!$1:$1048576,7,FALSE) -> No | H33: =VLOOKUP(Medical_Examinations_2[[#This Row],[Customer ID]],Medical_Examinations!$1:$1048576,9,FALSE) -> No major surgery | I33: =VLOOKUP(Medical_Examinations_2[[#This Row],[Customer ID]],Medical_Examinations!$1:$1048576,11,FALSE) -> Yes | J33: =VLOOKUP(Medical_Examinations_2[[#This Row],[Customer ID]],Medical_Examinations!$1:$1048576,3,FALSE) -> Obesity | K33: =VLOOKUP(Medical_Examinations_2[[#This Row],[Customer ID]],Medical_Examinations!$1:$1048576,5,FALSE) -> Normal | L33: =VLOOKUP(Hospitalisation_Details_2__3[[#This Row],[Customer ID]],Hospitalisation_Details_2__2!$1:$1048576,7,FALSE) -> 37438 | M33: =VLOOKUP(Hospitalisation_Details_2__3[[#This Row],[Customer ID]],Hospitalisation_Details_2__2!$1:$1048576,9,FALSE) -> $1049 | N33: =VLOOKUP(Hospitalisation_Details_2__3[[#This Row],[Customer ID]],Hospitalisation_Details_2__2!$1:$1048576,10,FALSE) -> tier - 3 | O33: =VLOOKUP(Hospitalisation_Details_2__3[[#This Row],[Customer ID]],Hospitalisation_Details_2__2!$1:$1048576,11,FALSE) -> tier - 2 | P33: =VLOOKUP(Hospitalisation_Details_2__3[[#This Row],[Customer ID]],Hospitalisation_Details_2__2!$1:$1048576,12,FALSE) -> R1012 | Q33: =VLOOKUP(Hospitalisation_Details_2__3[[#This Row],[Customer ID]],Hospitalisation_Details_2__2!$1:$1048576,13,FALSE) -> 24
A34: Id2303 | B34: =VLOOKUP(Customer_Names!A34,Customer_Names!$1:$1048576,4,FALSE) -> Brendan D. | C34: =VLOOKUP(Medical_Examinations_2[[#This Row],[Customer ID]],Medical_Examinations!$1:$1048576,2,FALSE) -> 31.35 | D34: =VLOOKUP(Medical_Examinations_2[[#This Row],[Customer ID]],Medical_Examinations!$1:$1048576,4,FALSE) -> 6.86 | E34: =VLOOKUP(Medical_Examinations_2[[#This Row],[Customer ID]],Medical_Examinations!$1:$1048576,6,FALSE) -> No | F34: =VLOOKUP(Medical_Examinations_2[[#This Row],[Customer ID]],Medical_Examinations!$1:$1048576,7,FALSE) -> No | H34: =VLOOKUP(Medical_Examinations_2[[#This Row],[Customer ID]],Medical_Examinations!$1:$1048576,9,FALSE) -> No major surgery | I34: =VLOOKUP(Medical_Examinations_2[[#This Row],[Customer ID]],Medical_Examinations!$1:$1048576,11,FALSE) -> Yes | J34: =VLOOKUP(Medical_Examinations_2[[#This Row],[Customer ID]],Medical_Examinations!$1:$1048576,3,FALSE) -> Obesity | K34: =VLOOKUP(Medical_Examinations_2[[#This Row],[Customer ID]],Medical_Examinations!$1:$1048576,5,FALSE) -> Diabetes | L34: =VLOOKUP(Hospitalisation_Details_2__3[[#This Row],[Customer ID]],Hospitalisation_Details_2__2!$1:$1048576,7,FALSE) -> 34851 | M34: =VLOOKUP(Hospitalisation_Details_2__3[[#This Row],[Customer ID]],Hospitalisation_Details_2__2!$1:$1048576,9,FALSE) -> $1056 | N34: =VLOOKUP(Hospitalisation_Details_2__3[[#This Row],[Customer ID]],Hospitalisation_Details_2__2!$1:$1048576,10,FALSE) -> tier - 3 | O34: =VLOOKUP(Hospitalisation_Details_2__3[[#This Row],[Customer ID]],Hospitalisation_Details_2__2!$1:$1048576,11,FALSE) -> tier - 2 | P34: =VLOOKUP(Hospitalisation_Details_2__3[[#This Row],[Customer ID]],Hospitalisation_Details_2__2!$1:$1048576,12,FALSE) -> R1013 | Q34: =VLOOKUP(Hospitalisation_Details_2__3[[#This Row],[Customer ID]],Hospitalisation_Details_2__2!$1:$1048576,13,FALSE) -> 31
A35: Id2302 | B35: =VLOOKUP(Customer_Names!A35,Customer_Names!$1:$1048576,4,FALSE) -> Courtney | C35: =VLOOKUP(Medical_Examinations_2[[#This Row],[Customer ID]],Medical_Examinations!$1:$1048576,2,FALSE) -> 47.6 | D35: =VLOOKUP(Medical_Examinations_2[[#This Row],[Customer ID]],Medical_Examinations!$1:$1048576,4,FALSE) -> 5.95 | E35: =VLOOKUP(Medical_Examinations_2[[#This Row],[Customer ID]],Medical_Examinations!$1:$1048576,6,FALSE) -> Yes | F35: =VLOOKUP(Medical_Examinations_2[[#This Row],[Customer ID]],Medical_Examinations!$1:$1048576,7,FALSE) -> No | H35: =VLOOKUP(Medical_Examinations_2[[#This Row],[Customer ID]],Medical_Examinations!$1:$1048576,9,FALSE) -> No major surgery | I35: =VLOOKUP(Medical_Examinations_2[[#This Row],[Customer ID]],Medical_Examinations!$1:$1048576,11,FALSE) -> Yes | J35: =VLOOKUP(Medical_Examinations_2[[#This Row],[Customer ID]],Medical_Examinations!$1:$1048576,3,FALSE) -> Obesity | K35: =VLOOKUP(Medical_Examinations_2[[#This Row],[Customer ID]],Medical_Examinations!$1:$1048576,5,FALSE) -> Prediabetes | L35: =VLOOKUP(Hospitalisation_Details_2__3[[#This Row],[Customer ID]],Hospitalisation_Details_2__2!$1:$1048576,7,FALSE) -> 34240 | M35: =VLOOKUP(Hospitalisation_Details_2__3[[#This Row],[Customer ID]],Hospitalisation_Details_2__2!$1:$1048576,9,FALSE) -> $1068 | N35: =VLOOKUP(Hospitalisation_Details_2__3[[#This Row],[Customer ID]],Hospitalisation_Details_2__2!$1:$1048576,10,FALSE) -> tier - 3 | O35: =VLOOKUP(Hospitalisation_Details_2__3[[#This Row],[Customer ID]],Hospitalisation_Details_2__2!$1:$1048576,11,FALSE) -> tier - 1 | P35: =VLOOKUP(Hospitalisation_Details_2__3[[#This Row],[Customer ID]],Hospitalisation_Details_2__2!$1:$1048576,12,FALSE) -> R1013 | Q35: =VLOOKUP(Hospitalisation_Details_2__3[[#This Row],[Customer ID]],Hospitalisation_Details_2__2!$1:$1048576,13,FALSE) -> 33
A36: Id2301 | B36: =VLOOKUP(Customer_Names!A36,Customer_Names!$1:$1048576,4,FALSE) -> Sydney L. | C36: =VLOOKUP(Medical_Examinations_2[[#This Row],[Customer ID]],Medical_Examinations!$1:$1048576,2,FALSE) -> 46.2 | D36: =VLOOKUP(Medical_Examinations_2[[#This Row],[Customer ID]],Medical_Examinations!$1:$1048576,4,FALSE) -> 6.09 | E36: =VLOOKUP(Medical_Examinations_2[[#This Row],[Customer ID]],Medical_Examinations!$1:$1048576,6,FALSE) -> No | F36: =VLOOKUP(Medical_Examinations_2[[#This Row],[Customer ID]],Medical_Examinations!$1:$1048576,7,FALSE) -> No | H36: =VLOOKUP(Medical_Examinations_2[[#This Row],[Customer ID]],Medical_Examinations!$1:$1048576,9,FALSE) -> 1 | I36: =VLOOKUP(Medical_Examinations_2[[#This Row],[Customer ID]],Medical_Examinations!$1:$1048576,11,FALSE) -> Yes | J36: =VLOOKUP(Medical_Examinations_2[[#This Row],[Customer ID]],Medical_Examinations!$1:$1048576,3,FALSE) -> Obesity | K36: =VLOOKUP(Medical_Examinations_2[[#This Row],[Customer ID]],Medical_Examinations!$1:$1048576,5,FALSE) -> Prediabetes | L36: =VLOOKUP(Hospitalisation_Details_2__3[[#This Row],[Customer ID]],Hospitalisation_Details_2__2!$1:$1048576,7,FALSE) -> 38223 | M36: =VLOOKUP(Hospitalisation_Details_2__3[[#This Row],[Customer ID]],Hospitalisation_Details_2__2!$1:$1048576,9,FALSE) -> $1070 | N36: =VLOOKUP(Hospitalisation_Details_2__3[[#This Row],[Customer ID]],Hospitalisation_Details_2__2!$1:$1048576,10,FALSE) -> tier - 3 | O36: =VLOOKUP(Hospitalisation_Details_2__3[[#This Row],[Customer ID]],Hospitalisation_Details_2__2!$1:$1048576,11,FALSE) -> tier - 3 | P36: =VLOOKUP(Hospitalisation_Details_2__3[[#This Row],[Customer ID]],Hospitalisation_Details_2__2!$1:$1048576,12,FALSE) -> R1013 | Q36: =VLOOKUP(Hospitalisation_Details_2__3[[#This Row],[Customer ID]],Hospitalisation_Details_2__2!$1:$1048576,13,FALSE) -> 22
A37: Id2300 | B37: =VLOOKUP(Customer_Names!A37,Customer_Names!$1:$1048576,4,FALSE) -> Julien | C37: =VLOOKUP(Medical_Examinations_2[[#This Row],[Customer ID]],Medical_Examinations!$1:$1048576,2,FALSE) -> 32.015 | D37: =VLOOKUP(Medical_Examinations_2[[#This Row],[Customer ID]],Medical_Examinations!$1:$1048576,4,FALSE) -> 11.75 | E37: =VLOOKUP(Medical_Examinations_2[[#This Row],[Customer ID]],Medical_Examinations!$1:$1048576,6,FALSE) -> No | F37: =VLOOKUP(Medical_Examinations_2[[#This Row],[Customer ID]],Medical_Examinations!$1:$1048576,7,FALSE) -> No | H37: =VLOOKUP(Medical_Examinations_2[[#This Row],[Customer ID]],Medical_Examinations!$1:$1048576,9,FALSE) -> No major surgery | I37: =VLOOKUP(Medical_Examinations_2[[#This Row],[Customer ID]],Medical_Examinations!$1:$1048576,11,FALSE) -> Yes | J37: =VLOOKUP(Medical_Examinations_2[[#This Row],[Customer ID]],Medical_Examinations!$1:$1048576,3,FALSE) -> Obesity | K37: =VLOOKUP(Medical_Examinations_2[[#This Row],[Customer ID]],Medical_Examinations!$1:$1048576,5,FALSE) -> Diabetes | L37: =VLOOKUP(Hospitalisation_Details_2__3[[#This Row],[Customer ID]],Hospitalisation_Details_2__2!$1:$1048576,7,FALSE) -> 35655 | M37: =VLOOKUP(Hospitalisation_Details_2__3[[#This Row],[Customer ID]],Hospitalisation_Details_2__2!$1:$1048576,9,FALSE) -> $1071 | N37: =VLOOKUP(Hospitalisation_Details_2__3[[#This Row],[Customer ID]],Hospitalisation_Details_2__2!$1:$1048576,10,FALSE) -> tier - 3 | O37: =VLOOKUP(Hospitalisation_Details_2__3[[#This Row],[Customer ID]],Hospitalisation_Details_2__2!$1:$1048576,11,FALSE) -> tier - 3 | P37: =VLOOKUP(Hospitalisation_Details_2__3[[#This Row],[Customer ID]],Hospitalisation_Details_2__2!$1:$1048576,12,FALSE) -> R1013 | Q37: =VLOOKUP(Hospitalisation_Details_2__3[[#This Row],[Customer ID]],Hospitalisation_Details_2__2!$1:$1048576,13,FALSE) -> 29
... A59: Id2279 | B59: =VLOOKUP(Customer_Names!A59,Customer_Names!$1:$1048576,4,FALSE) -> Lindsey | C59: =VLOOKUP(Medical_Examinations_2[[#This Row],[Customer ID]],Medical_Examinations!$1:$1048576,2,FALSE) -> 50.63 | D59: =VLOOKUP(Medical_Examinations_2[[#This Row],[Customer ID]],Medical_Examinations!$1:$1048576,4,FALSE) -> 11.89 | E59: =VLOOKUP(Medical_Examinations_2[[#This Row],[Customer ID]],Medical_Examinations!$1:$1048576,6,FALSE) -> No | F59: =VLOOKUP(Medical_Examinations_2[[#This Row],[Customer ID]],Medical_Examinations!$1:$1048576,7,FALSE) -> No | H59: =VLOOKUP(Medical_Examinations_2[[#This Row],[Customer ID]],Medical_Examinations!$1:$1048576,9,FALSE) -> No major surgery | I59: =VLOOKUP(Medical_Examinations_2[[#This Row],[Customer ID]],Medical_Examinations!$1:$1048576,11,FALSE) -> Yes | J59: =VLOOKUP(Medical_Examinations_2[[#This Row],[Customer ID]],Medical_Examinations!$1:$1048576,3,FALSE) -> Obesity | K59: =VLOOKUP(Medical_Examinations_2[[#This Row],[Customer ID]],Medical_Examinations!$1:$1048576,5,FALSE) -> Diabetes | L59: =VLOOKUP(Hospitalisation_Details_2__3[[#This Row],[Customer ID]],Hospitalisation_Details_2__2!$1:$1048576,7,FALSE) -> 37207 | M59: =VLOOKUP(Hospitalisation_Details_2__3[[#This Row],[Customer ID]],Hospitalisation_Details_2__2!$1:$1048576,9,FALSE) -> $1167 | N59: =VLOOKUP(Hospitalisation_Details_2__3[[#This Row],[Customer ID]],Hospitalisation_Details_2__2!$1:$1048576,10,FALSE) -> tier - 2 | O59: =VLOOKUP(Hospitalisation_Details_2__3[[#This Row],[Customer ID]],Hospitalisation_Details_2__2!$1:$1048576,11,FALSE) -> tier - 1 | P59: =VLOOKUP(Hospitalisation_Details_2__3[[#This Row],[Customer ID]],Hospitalisation_Details_2__2!$1:$1048576,12,FALSE) -> R1013 | Q59: =VLOOKUP(Hospitalisation_Details_2__3[[#This Row],[Customer ID]],Hospitalisation_Details_2__2!$1:$1048576,13,FALSE) -> 25
A60: Id2278 | B60: =VLOOKUP(Customer_Names!A60,Customer_Names!$1:$1048576,4,FALSE) -> Kenny | C60: =VLOOKUP(Medical_Examinations_2[[#This Row],[Customer ID]],Medical_Examinations!$1:$1048576,2,FALSE) -> 36.48 | D60: =VLOOKUP(Medical_Examinations_2[[#This Row],[Customer ID]],Medical_Examinations!$1:$1048576,4,FALSE) -> 6.2 | E60: =VLOOKUP(Medical_Examinations_2[[#This Row],[Customer ID]],Medical_Examinations!$1:$1048576,6,FALSE) -> No | H60: =VLOOKUP(Medical_Examinations_2[[#This Row],[Customer ID]],Medical_Examinations!$1:$1048576,9,FALSE) -> No major surgery | I60: =VLOOKUP(Medical_Examinations_2[[#This Row],[Customer ID]],Medical_Examinations!$1:$1048576,11,FALSE) -> Yes | J60: =VLOOKUP(Medical_Examinations_2[[#This Row],[Customer ID]],Medical_Examinations!$1:$1048576,3,FALSE) -> Obesity | K60: =VLOOKUP(Medical_Examinations_2[[#This Row],[Customer ID]],Medical_Examinations!$1:$1048576,5,FALSE) -> Prediabetes | L60: =VLOOKUP(Hospitalisation_Details_2__3[[#This Row],[Customer ID]],Hospitalisation_Details_2__2!$1:$1048576,7,FALSE) -> 35288 | M60: =VLOOKUP(Hospitalisation_Details_2__3[[#This Row],[Customer ID]],Hospitalisation_Details_2__2!$1:$1048576,9,FALSE) -> $1178 | N60: =VLOOKUP(Hospitalisation_Details_2__3[[#This Row],[Customer ID]],Hospitalisation_Details_2__2!$1:$1048576,10,FALSE) -> tier - 2 | O60: =VLOOKUP(Hospitalisation_Details_2__3[[#This Row],[Customer ID]],Hospitalisation_Details_2__2!$1:$1048576,11,FALSE) -> tier - 3 | P60: =VLOOKUP(Hospitalisation_Details_2__3[[#This Row],[Customer ID]],Hospitalisation_Details_2__2!$1:$1048576,12,FALSE) -> R1013 | Q60: =VLOOKUP(Hospitalisation_Details_2__3[[#This Row],[Customer ID]],Hospitalisation_Details_2__2!$1:$1048576,13,FALSE) -> 30
A61: Id2277 | B61: =VLOOKUP(Customer_Names!A61,Customer_Names!$1:$1048576,4,FALSE) -> Louise | C61: =VLOOKUP(Medical_Examinations_2[[#This Row],[Customer ID]],Medical_Examinations!$1:$1048576,2,FALSE) -> 54.82 | D61: =VLOOKUP(Medical_Examinations_2[[#This Row],[Customer ID]],Medical_Examinations!$1:$1048576,4,FALSE) -> 10.61 | E61: =VLOOKUP(Medical_Examinations_2[[#This Row],[Customer ID]],Medical_Examinations!$1:$1048576,6,FALSE) -> No | H61: =VLOOKUP(Medical_Examinations_2[[#This Row],[Customer ID]],Medical_Examinations!$1:$1048576,9,FALSE) -> No major surgery | I61: =VLOOKUP(Medical_Examinations_2[[#This Row],[Customer ID]],Medical_Examinations!$1:$1048576,11,FALSE) -> Yes | J61: =VLOOKUP(Medical_Examinations_2[[#This Row],[Customer ID]],Medical_Examinations!$1:$1048576,3,FALSE) -> Obesity | K61: =VLOOKUP(Medical_Examinations_2[[#This Row],[Customer ID]],Medical_Examinations!$1:$1048576,5,FALSE) -> Diabetes | L61: =VLOOKUP(Hospitalisation_Details_2__3[[#This Row],[Customer ID]],Hospitalisation_Details_2__2!$1:$1048576,7,FALSE) -> 35609 | M61: =VLOOKUP(Hospitalisation_Details_2__3[[#This Row],[Customer ID]],Hospitalisation_Details_2__2!$1:$1048576,9,FALSE) -> $1178.07 | N61: =VLOOKUP(Hospitalisation_Details_2__3[[#This Row],[Customer ID]],Hospitalisation_Details_2__2!$1:$1048576,10,FALSE) -> tier - 2 | O61: =VLOOKUP(Hospitalisation_Details_2__3[[#This Row],[Customer ID]],Hospitalisation_Details_2__2!$1:$1048576,11,FALSE) -> tier - 2 | P61: =VLOOKUP(Hospitalisation_Details_2__3[[#This Row],[Customer ID]],Hospitalisation_Details_2__2!$1:$1048576,12,FALSE) -> R1013 | Q61: =VLOOKUP(Hospitalisation_Details_2__3[[#This Row],[Customer ID]],Hospitalisation_Details_2__2!$1:$1048576,13,FALSE) -> 29
A62: Id2276 | B62: =VLOOKUP(Customer_Names!A62,Customer_Names!$1:$1048576,4,FALSE) -> Cameron | C62: =VLOOKUP(Medical_Examinations_2[[#This Row],[Customer ID]],Medical_Examinations!$1:$1048576,2,FALSE) -> 38.06 | D62: =VLOOKUP(Medical_Examinations_2[[#This Row],[Customer ID]],Medical_Examinations!$1:$1048576,4,FALSE) -> 6.04 | E62: =VLOOKUP(Medical_Examinations_2[[#This Row],[Customer ID]],Medical_Examinations!$1:$1048576,6,FALSE) -> No | H62: =VLOOKUP(Medical_Examinations_2[[#This Row],[Customer ID]],Medical_Examinations!$1:$1048576,9,FALSE) -> 1 | I62: =VLOOKUP(Medical_Examinations_2[[#This Row],[Customer ID]],Medical_Examinations!$1:$1048576,11,FALSE) -> Yes | J62: =VLOOKUP(Medical_Examinations_2[[#This Row],[Customer ID]],Medical_Examinations!$1:$1048576,3,FALSE) -> Obesity | K62: =VLOOKUP(Medical_Examinations_2[[#This Row],[Customer ID]],Medical_Examinations!$1:$1048576,5,FALSE) -> Prediabetes | L62: =VLOOKUP(Hospitalisation_Details_2__3[[#This Row],[Customer ID]],Hospitalisation_Details_2__2!$1:$1048576,7,FALSE) -> 37494 | M62: =VLOOKUP(Hospitalisation_Details_2__3[[#This Row],[Customer ID]],Hospitalisation_Details_2__2!$1:$1048576,9,FALSE) -> $1191 | N62: =VLOOKUP(Hospitalisation_Details_2__3[[#This Row],[Customer ID]],Hospitalisation_Details_2__2!$1:$1048576,10,FALSE) -> tier - 2 | O62: =VLOOKUP(Hospitalisation_Details_2__3[[#This Row],[Customer ID]],Hospitalisation_Details_2__2!$1:$1048576,11,FALSE) -> tier - 1 | P62: =VLOOKUP(Hospitalisation_Details_2__3[[#This Row],[Customer ID]],Hospitalisation_Details_2__2!$1:$1048576,12,FALSE) -> R1013 | Q62: =VLOOKUP(Hospitalisation_Details_2__3[[#This Row],[Customer ID]],Hospitalisation_Details_2__2!$1:$1048576,13,FALSE) -> 24
A63: Id2275 | B63: =VLOOKUP(Customer_Names!A63,Customer_Names!$1:$1048576,4,FALSE) -> Katie T. | C63: =VLOOKUP(Medical_Examinations_2[[#This Row],[Customer ID]],Medical_Examinations!$1:$1048576,2,FALSE) -> 51.48 | D63: =VLOOKUP(Medical_Examinations_2[[#This Row],[Customer ID]],Medical_Examinations!$1:$1048576,4,FALSE) -> 9.33 | E63: =VLOOKUP(Medical_Examinations_2[[#This Row],[Customer ID]],Medical_Examinations!$1:$1048576,6,FALSE) -> Yes | H63: =VLOOKUP(Medical_Examinations_2[[#This Row],[Customer ID]],Medical_Examinations!$1:$1048576,9,FALSE) -> No major surgery | I63: =VLOOKUP(Medical_Examinations_2[[#This Row],[Customer ID]],Medical_Examinations!$1:$1048576,11,FALSE) -> Yes | J63: =VLOOKUP(Medical_Examinations_2[[#This Row],[Customer ID]],Medical_Examinations!$1:$1048576,3,FALSE) -> Obesity | K63: =VLOOKUP(Medical_Examinations_2[[#This Row],[Customer ID]],Medical_Examinations!$1:$1048576,5,FALSE) -> Diabetes | L63: =VLOOKUP(Hospitalisation_Details_2__3[[#This Row],[Customer ID]],Hospitalisation_Details_2__2!$1:$1048576,7,FALSE) -> 36339 | M63: =VLOOKUP(Hospitalisation_Details_2__3[[#This Row],[Customer ID]],Hospitalisation_Details_2__2!$1:$1048576,9,FALSE) -> $1200 | N63: =VLOOKUP(Hospitalisation_Details_2__3[[#This Row],[Customer ID]],Hospitalisation_Details_2__2!$1:$1048576,10,FALSE) -> tier - 2 | O63: =VLOOKUP(Hospitalisation_Details_2__3[[#This Row],[Customer ID]],Hospitalisation_Details_2__2!$1:$1048576,11,FALSE) -> tier - 3 | P63: =VLOOKUP(Hospitalisation_Details_2__3[[#This Row],[Customer ID]],Hospitalisation_Details_2__2!$1:$1048576,12,FALSE) -> R1012 | Q63: =VLOOKUP(Hospitalisation_Details_2__3[[#This Row],[Customer ID]],Hospitalisation_Details_2__2!$1:$1048576,13,FALSE) -> 27
A64: Id2274 | B64: =VLOOKUP(Customer_Names!A64,Customer_Names!$1:$1048576,4,FALSE) -> Casey | C64: =VLOOKUP(Medical_Examinations_2[[#This Row],[Customer ID]],Medical_Examinations!$1:$1048576,2,FALSE) -> 52.06 | D64: =VLOOKUP(Medical_Examinations_2[[#This Row],[Customer ID]],Medical_Examinations!$1:$1048576,4,FALSE) -> 11.47 | E64: =VLOOKUP(Medical_Examinations_2[[#This Row],[Customer ID]],Medical_Examinations!$1:$1048576,6,FALSE) -> No | H64: =VLOOKUP(Medical_Examinations_2[[#This Row],[Customer ID]],Medical_Examinations!$1:$1048576,9,FALSE) -> No major surgery | I64: =VLOOKUP(Medical_Examinations_2[[#This Row],[Customer ID]],Medical_Examinations!$1:$1048576,11,FALSE) -> Yes | J64: =VLOOKUP(Medical_Examinations_2[[#This Row],[Customer ID]],Medical_Examinations!$1:$1048576,3,FALSE) -> Obesity | K64: =VLOOKUP(Medical_Examinations_2[[#This Row],[Customer ID]],Medical_Examinations!$1:$1048576,5,FALSE) -> Diabetes | L64: =VLOOKUP(Hospitalisation_Details_2__3[[#This Row],[Customer ID]],Hospitalisation_Details_2__2!$1:$1048576,7,FALSE) -> 33883 | M64: =VLOOKUP(Hospitalisation_Details_2__3[[#This Row],[Customer ID]],Hospitalisation_Details_2__2!$1:$1048576,9,FALSE) -> $1200.55 | N64: =VLOOKUP(Hospitalisation_Details_2__3[[#This Row],[Customer ID]],Hospitalisation_Details_2__2!$1:$1048576,10,FALSE) -> tier - 2 | O64: =VLOOKUP(Hospitalisation_Details_2__3[[#This Row],[Customer ID]],Hospitalisation_Details_2__2!$1:$1048576,11,FALSE) -> tier - 3 | P64: =VLOOKUP(Hospitalisation_Details_2__3[[#This Row],[Customer ID]],Hospitalisation_Details_2__2!$1:$1048576,12,FALSE) -> R1013 | Q64: =VLOOKUP(Hospitalisation_Details_2__3[[#This Row],[Customer ID]],Hospitalisation_Details_2__2!$1:$1048576,13,FALSE) -> 34
A65: Id2273 | B65: =VLOOKUP(Customer_Names!A65,Customer_Names!$1:$1048576,4,FALSE) -> David | C65: =VLOOKUP(Medical_Examinations_2[[#This Row],[Customer ID]],Medical_Examinations!$1:$1048576,2,FALSE) -> 30.685 | D65: =VLOOKUP(Medical_Examinations_2[[#This Row],[Customer ID]],Medical_Examinations!$1:$1048576,4,FALSE) -> 7.02 | E65: =VLOOKUP(Medical_Examinations_2[[#This Row],[Customer ID]],Medical_Examinations!$1:$1048576,6,FALSE) -> Yes | H65: =VLOOKUP(Medical_Examinations_2[[#This Row],[Customer ID]],Medical_Examinations!$1:$1048576,9,FALSE) -> No major surgery | I65: =VLOOKUP(Medical_Examinations_2[[#This Row],[Customer ID]],Medical_Examinations!$1:$1048576,11,FALSE) -> Yes | J65: =VLOOKUP(Medical_Examinations_2[[#This Row],[Customer ID]],Medical_Examinations!$1:$1048576,3,FALSE) -> Obesity | K65: =VLOOKUP(Medical_Examinations_2[[#This Row],[Customer ID]],Medical_Examinations!$1:$1048576,5,FALSE) -> Diabetes | L65: =VLOOKUP(Hospitalisation_Details_2__3[[#This Row],[Customer ID]],Hospitalisation_Details_2__2!$1:$1048576,7,FALSE) -> 38140 | M65: =VLOOKUP(Hospitalisation_Details_2__3[[#This Row],[Customer ID]],Hospitalisation_Details_2__2!$1:$1048576,9,FALSE) -> $1210 | N65: =VLOOKUP(Hospitalisation_Details_2__3[[#This Row],[Customer ID]],Hospitalisation_Details_2__2!$1:$1048576,10,FALSE) -> tier - 2 | O65: =VLOOKUP(Hospitalisation_Details_2__3[[#This Row],[Customer ID]],Hospitalisation_Details_2__2!$1:$1048576,11,FALSE) -> tier - 1 | P65: =VLOOKUP(Hospitalisation_Details_2__3[[#This Row],[Customer ID]],Hospitalisation_Details_2__2!$1:$1048576,12,FALSE) -> R1013 | Q65: =VLOOKUP(Hospitalisation_Details_2__3[[#This Row],[Customer ID]],Hospitalisation_Details_2__2!$1:$1048576,13,FALSE) -> 22
A66: Id2272 | B66: =VLOOKUP(Customer_Names!A66,Customer_Names!$1:$1048576,4,FALSE) -> Bryson C. | C66: =VLOOKUP(Medical_Examinations_2[[#This Row],[Customer ID]],Medical_Examinations!$1:$1048576,2,FALSE) -> 36.08 | D66: =VLOOKUP(Medical_Examinations_2[[#This Row],[Customer ID]],Medical_Examinations!$1:$1048576,4,FALSE) -> 8.8 | E66: =VLOOKUP(Medical_Examinations_2[[#This Row],[Customer ID]],Medical_Examinations!$1:$1048576,6,FALSE) -> Yes | H66: =VLOOKUP(Medical_Examinations_2[[#This Row],[Customer ID]],Medical_Examinations!$1:$1048576,9,FALSE) -> 1 | I66: =VLOOKUP(Medical_Examinations_2[[#This Row],[Customer ID]],Medical_Examinations!$1:$1048576,11,FALSE) -> Yes | J66: =VLOOKUP(Medical_Examinations_2[[#This Row],[Customer ID]],Medical_Examinations!$1:$1048576,3,FALSE) -> Obesity | K66: =VLOOKUP(Medical_Examinations_2[[#This Row],[Customer ID]],Medical_Examinations!$1:$1048576,5,FALSE) -> Diabetes | L66: =VLOOKUP(Hospitalisation_Details_2__3[[#This Row],[Customer ID]],Hospitalisation_Details_2__2!$1:$1048576,7,FALSE) -> 35373 | M66: =VLOOKUP(Hospitalisation_Details_2__3[[#This Row],[Customer ID]],Hospitalisation_Details_2__2!$1:$1048576,9,FALSE) -> $1220 | N66: =VLOOKUP(Hospitalisation_Details_2__3[[#This Row],[Customer ID]],Hospitalisation_Details_2__2!$1:$1048576,10,FALSE) -> tier - 2 | O66: =VLOOKUP(Hospitalisation_Details_2__3[[#This Row],[Customer ID]],Hospitalisation_Details_2__2!$1:$1048576,11,FALSE) -> tier - 3 | P66: =VLOOKUP(Hospitalisation_Details_2__3[[#This Row],[Customer ID]],Hospitalisation_Details_2__2!$1:$1048576,12,FALSE) -> R1012 | Q66: =VLOOKUP(Hospitalisation_Details_2__3[[#This Row],[Customer ID]],Hospitalisation_Details_2__2!$1:$1048576,13,FALSE) -> 30
A67: Id2271 | B67: =VLOOKUP(Customer_Names!A67,Customer_Names!$1:$1048576,4,FALSE) -> Megan | C67: =VLOOKUP(Medical_Examinations_2[[#This Row],[Customer ID]],Medical_Examinations!$1:$1048576,2,FALSE) -> 54.99 | D67: =VLOOKUP(Medical_Examinations_2[[#This Row],[Customer ID]],Medical_Examinations!$1:$1048576,4,FALSE) -> 8.68 | E67: =VLOOKUP(Medical_Examinations_2[[#This Row],[Customer ID]],Medical_Examinations!$1:$1048576,6,FALSE) -> No | H67: =VLOOKUP(Medical_Examinations_2[[#This Row],[Customer ID]],Medical_Examinations!$1:$1048576,9,FALSE) -> 2 | I67: =VLOOKUP(Medical_Examinations_2[[#This Row],[Customer ID]],Medical_Examinations!$1:$1048576,11,FALSE) -> Yes | J67: =VLOOKUP(Medical_Examinations_2[[#This Row],[Customer ID]],Medical_Examinations!$1:$1048576,3,FALSE) -> Obesity | K67: =VLOOKUP(Medical_Examinations_2[[#This Row],[Customer ID]],Medical_Examinations!$1:$1048576,5,FALSE) -> Diabetes | L67: =VLOOKUP(Hospitalisation_Details_2__3[[#This Row],[Customer ID]],Hospitalisation_Details_2__2!$1:$1048576,7,FALSE) -> 38177 | M67: =VLOOKUP(Hospitalisation_Details_2__3[[#This Row],[Customer ID]],Hospitalisation_Details_2__2!$1:$1048576,9,FALSE) -> $1224 | N67: =VLOOKUP(Hospitalisation_Details_2__3[[#This Row],[Customer ID]],Hospitalisation_Details_2__2!$1:$1048576,10,FALSE) -> tier - 2 | O67: =VLOOKUP(Hospitalisation_Details_2__3[[#This Row],[Customer ID]],Hospitalisation_Details_2__2!$1:$1048576,11,FALSE) -> tier - 1 | P67: =VLOOKUP(Hospitalisation_Details_2__3[[#This Row],[Customer ID]],Hospitalisation_Details_2__2!$1:$1048576,12,FALSE) -> R1013 | Q67: =VLOOKUP(Hospitalisation_Details_2__3[[#This Row],[Customer ID]],Hospitalisation_Details_2__2!$1:$1048576,13,FALSE) -> 22
A68: Id2270 | B68: =VLOOKUP(Customer_Names!A68,Customer_Names!$1:$1048576,4,FALSE) -> Daniel | C68: =VLOOKUP(Medical_Examinations_2[[#This Row],[Customer ID]],Medical_Examinations!$1:$1048576,2,FALSE) -> 35.97 | D68: =VLOOKUP(Medical_Examinations_2[[#This Row],[Customer ID]],Medical_Examinations!$1:$1048576,4,FALSE) -> 6.12 | E68: =VLOOKUP(Medical_Examinations_2[[#This Row],[Customer ID]],Medical_Examinations!$1:$1048576,6,FALSE) -> No | H68: =VLOOKUP(Medical_Examinations_2[[#This Row],[Customer ID]],Medical_Examinations!$1:$1048576,9,FALSE) -> 1 | I68: =VLOOKUP(Medical_Examinations_2[[#This Row],[Customer ID]],Medical_Examinations!$1:$1048576,11,FALSE) -> Yes | J68: =VLOOKUP(Medical_Examinations_2[[#This Row],[Customer ID]],Medical_Examinations!$1:$1048576,3,FALSE) -> Obesity | K68: =VLOOKUP(Medical_Examinations_2[[#This Row],[Customer ID]],Medical_Examinations!$1:$1048576,5,FALSE) -> Prediabetes | L68: =VLOOKUP(Hospitalisation_Details_2__3[[#This Row],[Customer ID]],Hospitalisation_Details_2__2!$1:$1048576,7,FALSE) -> 38276 | M68: =VLOOKUP(Hospitalisation_Details_2__3[[#This Row],[Customer ID]],Hospitalisation_Details_2__2!$1:$1048576,9,FALSE) -> $1228 | N68: =VLOOKUP(Hospitalisation_Details_2__3[[#This Row],[Customer ID]],Hospitalisation_Details_2__2!$1:$1048576,10,FALSE) -> tier - 2 | O68: =VLOOKUP(Hospitalisation_Details_2__3[[#This Row],[Customer ID]],Hospitalisation_Details_2__2!$1:$1048576,11,FALSE) -> tier - 1 | P68: =VLOOKUP(Hospitalisation_Details_2__3[[#This Row],[Customer ID]],Hospitalisation_Details_2__2!$1:$1048576,12,FALSE) -> R1012 | Q68: =VLOOKUP(Hospitalisation_Details_2__3[[#This Row],[Customer ID]],Hospitalisation_Details_2__2!$1:$1048576,13,FALSE) -> 22
A69: Id2269 | B69: =VLOOKUP(Customer_Names!A69,Customer_Names!$1:$1048576,4,FALSE) -> Steven M. | C69: =VLOOKUP(Medical_Examinations_2[[#This Row],[Customer ID]],Medical_Examinations!$1:$1048576,2,FALSE) -> 45.54 | D69: =VLOOKUP(Medical_Examinations_2[[#This Row],[Customer ID]],Medical_Examinations!$1:$1048576,4,FALSE) -> 5.4 | E69: =VLOOKUP(Medical_Examinations_2[[#This Row],[Customer ID]],Medical_Examinations!$1:$1048576,6,FALSE) -> Yes | H69: =VLOOKUP(Medical_Examinations_2[[#This Row],[Customer ID]],Medical_Examinations!$1:$1048576,9,FALSE) -> 1 | I69: =VLOOKUP(Medical_Examinations_2[[#This Row],[Customer ID]],Medical_Examinations!$1:$1048576,11,FALSE) -> Yes | J69: =VLOOKUP(Medical_Examinations_2[[#This Row],[Customer ID]],Medical_Examinations!$1:$1048576,3,FALSE) -> Obesity | K69: =VLOOKUP(Medical_Examinations_2[[#This Row],[Customer ID]],Medical_Examinations!$1:$1048576,5,FALSE) -> Normal | L69: =VLOOKUP(Hospitalisation_Details_2__3[[#This Row],[Customer ID]],Hospitalisation_Details_2__2!$1:$1048576,7,FALSE) -> 35989 | M69: =VLOOKUP(Hospitalisation_Details_2__3[[#This Row],[Customer ID]],Hospitalisation_Details_2__2!$1:$1048576,9,FALSE) -> $1234 | N69: =VLOOKUP(Hospitalisation_Details_2__3[[#This Row],[Customer ID]],Hospitalisation_Details_2__2!$1:$1048576,10,FALSE) -> tier - 2 | O69: =VLOOKUP(Hospitalisation_Details_2__3[[#This Row],[Customer ID]],Hospitalisation_Details_2__2!$1:$1048576,11,FALSE) -> tier - 1 | P69: =VLOOKUP(Hospitalisation_Details_2__3[[#This Row],[Customer ID]],Hospitalisation_Details_2__2!$1:$1048576,12,FALSE) -> R1013 | Q69: =VLOOKUP(Hospitalisation_Details_2__3[[#This Row],[Customer ID]],Hospitalisation_Details_2__2!$1:$1048576,13,FALSE) -> 28
A70: Id2268 | B70: =VLOOKUP(Customer_Names!A70,Customer_Names!$1:$1048576,4,FALSE) -> Jenna L. | C70: =VLOOKUP(Medical_Examinations_2[[#This Row],[Customer ID]],Medical_Examinations!$1:$1048576,2,FALSE) -> 35.53 | D70: =VLOOKUP(Medical_Examinations_2[[#This Row],[Customer ID]],Medical_Examinations!$1:$1048576,4,FALSE) -> 4.36 | E70: =VLOOKUP(Medical_Examinations_2[[#This Row],[Customer ID]],Medical_Examinations!$1:$1048576,6,FALSE) -> Yes | H70: =VLOOKUP(Medical_Examinations_2[[#This Row],[Customer ID]],Medical_Examinations!$1:$1048576,9,FALSE) -> No major surgery | I70: =VLOOKUP(Medical_Examinations_2[[#This Row],[Customer ID]],Medical_Examinations!$1:$1048576,11,FALSE) -> Yes | J70: =VLOOKUP(Medical_Examinations_2[[#This Row],[Customer ID]],Medical_Examinations!$1:$1048576,3,FALSE) -> Obesity | K70: =VLOOKUP(Medical_Examinations_2[[#This Row],[Customer ID]],Medical_Examinations!$1:$1048576,5,FALSE) -> Normal | L70: =VLOOKUP(Hospitalisation_Details_2__3[[#This Row],[Customer ID]],Hospitalisation_Details_2__2!$1:$1048576,7,FALSE) -> 37602 | M70: =VLOOKUP(Hospitalisation_Details_2__3[[#This Row],[Customer ID]],Hospitalisation_Details_2__2!$1:$1048576,9,FALSE) -> $1237 | N70: =VLOOKUP(Hospitalisation_Details_2__3[[#This Row],[Customer ID]],Hospitalisation_Details_2__2!$1:$1048576,10,FALSE) -> tier - 2 | O70: =VLOOKUP(Hospitalisation_Details_2__3[[#This Row],[Customer ID]],Hospitalisation_Details_2__2!$1:$1048576,11,FALSE) -> tier - 2 | P70: =VLOOKUP(Hospitalisation_Details_2__3[[#This Row],[Customer ID]],Hospitalisation_Details_2__2!$1:$1048576,12,FALSE) -> R1013 | Q70: =VLOOKUP(Hospitalisation_Details_2__3[[#This Row],[Customer ID]],Hospitalisation_Details_2__2!$1:$1048576,13,FALSE) -> 24
A71: Id2267 | B71: =VLOOKUP(Customer_Names!A71,Customer_Names!$1:$1048576,4,FALSE) -> Freeman | C71: =VLOOKUP(Medical_Examinations_2[[#This Row],[Customer ID]],Medical_Examinations!$1:$1048576,2,FALSE) -> 30.8 | D71: =VLOOKUP(Medical_Examinations_2[[#This Row],[Customer ID]],Medical_Examinations!$1:$1048576,4,FALSE) -> 9.77 | E71: =VLOOKUP(Medical_Examinations_2[[#This Row],[Customer ID]],Medical_Examinations!$1:$1048576,6,FALSE) -> No | H71: =VLOOKUP(Medical_Examinations_2[[#This Row],[Customer ID]],Medical_Examinations!$1:$1048576,9,FALSE) -> No major surgery | I71: =VLOOKUP(Medical_Examinations_2[[#This Row],[Customer ID]],Medical_Examinations!$1:$1048576,11,FALSE) -> Yes | J71: =VLOOKUP(Medical_Examinations_2[[#This Row],[Customer ID]],Medical_Examinations!$1:$1048576,3,FALSE) -> Obesity | K71: =VLOOKUP(Medical_Examinations_2[[#This Row],[Customer ID]],Medical_Examinations!$1:$1048576,5,FALSE) -> Diabetes | L71: =VLOOKUP(Hospitalisation_Details_2__3[[#This Row],[Customer ID]],Hospitalisation_Details_2__2!$1:$1048576,7,FALSE) -> 36079 | M71: =VLOOKUP(Hospitalisation_Details_2__3[[#This Row],[Customer ID]],Hospitalisation_Details_2__2!$1:$1048576,9,FALSE) -> $1240 | N71: =VLOOKUP(Hospitalisation_Details_2__3[[#This Row],[Customer ID]],Hospitalisation_Details_2__2!$1:$1048576,10,FALSE) -> tier - 2 | O71: =VLOOKUP(Hospitalisation_Details_2__3[[#This Row],[Customer ID]],Hospitalisation_Details_2__2!$1:$1048576,11,FALSE) -> tier - 1 | P71: =VLOOKUP(Hospitalisation_Details_2__3[[#This Row],[Customer ID]],Hospitalisation_Details_2__2!$1:$1048576,12,FALSE) -> R1012 | Q71: =VLOOKUP(Hospitalisation_Details_2__3[[#This Row],[Customer ID]],Hospitalisation_Details_2__2!$1:$1048576,13,FALSE) -> 28
... A81: Id2257 | B81: =VLOOKUP(Customer_Names!A81,Customer_Names!$1:$1048576,4,FALSE) -> Jennifer | C81: =VLOOKUP(Medical_Examinations_2[[#This Row],[Customer ID]],Medical_Examinations!$1:$1048576,2,FALSE) -> 51.01 | D81: =VLOOKUP(Medical_Examinations_2[[#This Row],[Customer ID]],Medical_Examinations!$1:$1048576,4,FALSE) -> 9.2 | E81: =VLOOKUP(Medical_Examinations_2[[#This Row],[Customer ID]],Medical_Examinations!$1:$1048576,6,FALSE) -> No | H81: =VLOOKUP(Medical_Examinations_2[[#This Row],[Customer ID]],Medical_Examinations!$1:$1048576,9,FALSE) -> No major surgery | I81: =VLOOKUP(Medical_Examinations_2[[#This Row],[Customer ID]],Medical_Examinations!$1:$1048576,11,FALSE) -> Yes | J81: =VLOOKUP(Medical_Examinations_2[[#This Row],[Customer ID]],Medical_Examinations!$1:$1048576,3,FALSE) -> Obesity | K81: =VLOOKUP(Medical_Examinations_2[[#This Row],[Customer ID]],Medical_Examinations!$1:$1048576,5,FALSE) -> Diabetes | L81: =VLOOKUP(Hospitalisation_Details_2__3[[#This Row],[Customer ID]],Hospitalisation_Details_2__2!$1:$1048576,7,FALSE) -> 37848 | M81: =VLOOKUP(Hospitalisation_Details_2__3[[#This Row],[Customer ID]],Hospitalisation_Details_2__2!$1:$1048576,9,FALSE) -> $1261.8599999999999 | N81: =VLOOKUP(Hospitalisation_Details_2__3[[#This Row],[Customer ID]],Hospitalisation_Details_2__2!$1:$1048576,10,FALSE) -> tier - 2 | O81: =VLOOKUP(Hospitalisation_Details_2__3[[#This Row],[Customer ID]],Hospitalisation_Details_2__2!$1:$1048576,11,FALSE) -> tier - 3 | P81: =VLOOKUP(Hospitalisation_Details_2__3[[#This Row],[Customer ID]],Hospitalisation_Details_2__2!$1:$1048576,12,FALSE) -> R1011 | Q81: =VLOOKUP(Hospitalisation_Details_2__3[[#This Row],[Customer ID]],Hospitalisation_Details_2__2!$1:$1048576,13,FALSE) -> 23
A82: Id2256 | B82: =VLOOKUP(Customer_Names!A82,Customer_Names!$1:$1048576,4,FALSE) -> Gwen M. | C82: =VLOOKUP(Medical_Examinations_2[[#This Row],[Customer ID]],Medical_Examinations!$1:$1048576,2,FALSE) -> 45.65 | D82: =VLOOKUP(Medical_Examinations_2[[#This Row],[Customer ID]],Medical_Examinations!$1:$1048576,4,FALSE) -> 5.11 | E82: =VLOOKUP(Medical_Examinations_2[[#This Row],[Customer ID]],Medical_Examinations!$1:$1048576,6,FALSE) -> Yes | H82: =VLOOKUP(Medical_Examinations_2[[#This Row],[Customer ID]],Medical_Examinations!$1:$1048576,9,FALSE) -> 1 | I82: =VLOOKUP(Medical_Examinations_2[[#This Row],[Customer ID]],Medical_Examinations!$1:$1048576,11,FALSE) -> Yes | J82: =VLOOKUP(Medical_Examinations_2[[#This Row],[Customer ID]],Medical_Examinations!$1:$1048576,3,FALSE) -> Obesity | K82: =VLOOKUP(Medical_Examinations_2[[#This Row],[Customer ID]],Medical_Examinations!$1:$1048576,5,FALSE) -> Normal
A83: Id2255 | B83: =VLOOKUP(Customer_Names!A83,Customer_Names!$1:$1048576,4,FALSE) -> Patrick | C83: =VLOOKUP(Medical_Examinations_2[[#This Row],[Customer ID]],Medical_Examinations!$1:$1048576,2,FALSE) -> 52.9 | D83: =VLOOKUP(Medical_Examinations_2[[#This Row],[Customer ID]],Medical_Examinations!$1:$1048576,4,FALSE) -> 5.34 | E83: =VLOOKUP(Medical_Examinations_2[[#This Row],[Customer ID]],Medical_Examinations!$1:$1048576,6,FALSE) -> No | H83: =VLOOKUP(Medical_Examinations_2[[#This Row],[Customer ID]],Medical_Examinations!$1:$1048576,9,FALSE) -> No major surgery | I83: =VLOOKUP(Medical_Examinations_2[[#This Row],[Customer ID]],Medical_Examinations!$1:$1048576,11,FALSE) -> Yes | J83: =VLOOKUP(Medical_Examinations_2[[#This Row],[Customer ID]],Medical_Examinations!$1:$1048576,3,FALSE) -> Obesity | K83: =VLOOKUP(Medical_Examinations_2[[#This Row],[Customer ID]],Medical_Examinations!$1:$1048576,5,FALSE) -> Normal
A84: Id2254 | B84: =VLOOKUP(Customer_Names!A84,Customer_Names!$1:$1048576,4,FALSE) -> Kate | C84: =VLOOKUP(Medical_Examinations_2[[#This Row],[Customer ID]],Medical_Examinations!$1:$1048576,2,FALSE) -> 45.41 | D84: =VLOOKUP(Medical_Examinations_2[[#This Row],[Customer ID]],Medical_Examinations!$1:$1048576,4,FALSE) -> 4.03 | E84: =VLOOKUP(Medical_Examinations_2[[#This Row],[Customer ID]],Medical_Examinations!$1:$1048576,6,FALSE) -> Yes | H84: =VLOOKUP(Medical_Examinations_2[[#This Row],[Customer ID]],Medical_Examinations!$1:$1048576,9,FALSE) -> 1 | I84: =VLOOKUP(Medical_Examinations_2[[#This Row],[Customer ID]],Medical_Examinations!$1:$1048576,11,FALSE) -> Yes | J84: =VLOOKUP(Medical_Examinations_2[[#This Row],[Customer ID]],Medical_Examinations!$1:$1048576,3,FALSE) -> Obesity | K84: =VLOOKUP(Medical_Examinations_2[[#This Row],[Customer ID]],Medical_Examinations!$1:$1048576,5,FALSE) -> Normal
A85: Id2253 | B85: =VLOOKUP(Customer_Names!A85,Customer_Names!$1:$1048576,4,FALSE) -> Kevin | C85: =VLOOKUP(Medical_Examinations_2[[#This Row],[Customer ID]],Medical_Examinations!$1:$1048576,2,FALSE) -> 49.41 | D85: =VLOOKUP(Medical_Examinations_2[[#This Row],[Customer ID]],Medical_Examinations!$1:$1048576,4,FALSE) -> 4.23 | E85: =VLOOKUP(Medical_Examinations_2[[#This Row],[Customer ID]],Medical_Examinations!$1:$1048576,6,FALSE) -> Yes | H85: =VLOOKUP(Medical_Examinations_2[[#This Row],[Customer ID]],Medical_Examinations!$1:$1048576,9,FALSE) -> 1 | I85: =VLOOKUP(Medical_Examinations_2[[#This Row],[Customer ID]],Medical_Examinations!$1:$1048576,11,FALSE) -> Yes | J85: =VLOOKUP(Medical_Examinations_2[[#This Row],[Customer ID]],Medical_Examinations!$1:$1048576,3,FALSE) -> Obesity | K85: =VLOOKUP(Medical_Examinations_2[[#This Row],[Customer ID]],Medical_Examinations!$1:$1048576,5,FALSE) -> Normal
A86: Id2252 | B86: =VLOOKUP(Customer_Names!A86,Customer_Names!$1:$1048576,4,FALSE) -> Stephen II | C86: =VLOOKUP(Medical_Examinations_2[[#This Row],[Customer ID]],Medical_Examinations!$1:$1048576,2,FALSE) -> 31.825 | D86: =VLOOKUP(Medical_Examinations_2[[#This Row],[Customer ID]],Medical_Examinations!$1:$1048576,4,FALSE) -> 4.06 | E86: =VLOOKUP(Medical_Examinations_2[[#This Row],[Customer ID]],Medical_Examinations!$1:$1048576,6,FALSE) -> No | H86: =VLOOKUP(Medical_Examinations_2[[#This Row],[Customer ID]],Medical_Examinations!$1:$1048576,9,FALSE) -> 2 | I86: =VLOOKUP(Medical_Examinations_2[[#This Row],[Customer ID]],Medical_Examinations!$1:$1048576,11,FALSE) -> Yes | J86: =VLOOKUP(Medical_Examinations_2[[#This Row],[Customer ID]],Medical_Examinations!$1:$1048576,3,FALSE) -> Obesity | K86: =VLOOKUP(Medical_Examinations_2[[#This Row],[Customer ID]],Medical_Examinations!$1:$1048576,5,FALSE) -> Normal
A87: Id2251 | B87: =VLOOKUP(Customer_Names!A87,Customer_Names!$1:$1048576,4,FALSE) -> Philip | C87: =VLOOKUP(Medical_Examinations_2[[#This Row],[Customer ID]],Medical_Examinations!$1:$1048576,2,FALSE) -> 51.28 | D87: =VLOOKUP(Medical_Examinations_2[[#This Row],[Customer ID]],Medical_Examinations!$1:$1048576,4,FALSE) -> 4.68 | E87: =VLOOKUP(Medical_Examinations_2[[#This Row],[Customer ID]],Medical_Examinations!$1:$1048576,6,FALSE) -> No | H87: =VLOOKUP(Medical_Examinations_2[[#This Row],[Customer ID]],Medical_Examinations!$1:$1048576,9,FALSE) -> 2 | I87: =VLOOKUP(Medical_Examinations_2[[#This Row],[Customer ID]],Medical_Examinations!$1:$1048576,11,FALSE) -> Yes | J87: =VLOOKUP(Medical_Examinations_2[[#This Row],[Customer ID]],Medical_Examinations!$1:$1048576,3,FALSE) -> Obesity | K87: =VLOOKUP(Medical_Examinations_2[[#This Row],[Customer ID]],Medical_Examinations!$1:$1048576,5,FALSE) -> Normal
A88: Id2250 | B88: =VLOOKUP(Customer_Names!A88,Customer_Names!$1:$1048576,4,FALSE) -> Brett A | C88: =VLOOKUP(Medical_Examinations_2[[#This Row],[Customer ID]],Medical_Examinations!$1:$1048576,2,FALSE) -> 34.96 | D88: =VLOOKUP(Medical_Examinations_2[[#This Row],[Customer ID]],Medical_Examinations!$1:$1048576,4,FALSE) -> 4.34 | E88: =VLOOKUP(Medical_Examinations_2[[#This Row],[Customer ID]],Medical_Examinations!$1:$1048576,6,FALSE) -> No | H88: =VLOOKUP(Medical_Examinations_2[[#This Row],[Customer ID]],Medical_Examinations!$1:$1048576,9,FALSE) -> 1 | I88: =VLOOKUP(Medical_Examinations_2[[#This Row],[Customer ID]],Medical_Examinations!$1:$1048576,11,FALSE) -> Yes | J88: =VLOOKUP(Medical_Examinations_2[[#This Row],[Customer ID]],Medical_Examinations!$1:$1048576,3,FALSE) -> Obesity | K88: =VLOOKUP(Medical_Examinations_2[[#This Row],[Customer ID]],Medical_Examinations!$1:$1048576,5,FALSE) -> Normal
A89: Id2249 | B89: =VLOOKUP(Customer_Names!A89,Customer_Names!$1:$1048576,4,FALSE) -> Rebecca | C89: =VLOOKUP(Medical_Examinations_2[[#This Row],[Customer ID]],Medical_Examinations!$1:$1048576,2,FALSE) -> 33.11 | D89: =VLOOKUP(Medical_Examinations_2[[#This Row],[Customer ID]],Medical_Examinations!$1:$1048576,4,FALSE) -> 10.51 | E89: =VLOOKUP(Medical_Examinations_2[[#This Row],[Customer ID]],Medical_Examinations!$1:$1048576,6,FALSE) -> No | H89: =VLOOKUP(Medical_Examinations_2[[#This Row],[Customer ID]],Medical_Examinations!$1:$1048576,9,FALSE) -> No major surgery | I89: =VLOOKUP(Medical_Examinations_2[[#This Row],[Customer ID]],Medical_Examinations!$1:$1048576,11,FALSE) -> Yes | J89: =VLOOKUP(Medical_Examinations_2[[#This Row],[Customer ID]],Medical_Examinations!$1:$1048576,3,FALSE) -> Obesity | K89: =VLOOKUP(Medical_Examinations_2[[#This Row],[Customer ID]],Medical_Examinations!$1:$1048576,5,FALSE) -> Diabetes
A90: Id2248 | B90: =VLOOKUP(Customer_Names!A90,Customer_Names!$1:$1048576,4,FALSE) -> Kelley | C90: =VLOOKUP(Medical_Examinations_2[[#This Row],[Customer ID]],Medical_Examinations!$1:$1048576,2,FALSE) -> 54.74 | D90: =VLOOKUP(Medical_Examinations_2[[#This Row],[Customer ID]],Medical_Examinations!$1:$1048576,4,FALSE) -> 5.84 | E90: =VLOOKUP(Medical_Examinations_2[[#This Row],[Customer ID]],Medical_Examinations!$1:$1048576,6,FALSE) -> Yes | H90: =VLOOKUP(Medical_Examinations_2[[#This Row],[Customer ID]],Medical_Examinations!$1:$1048576,9,FALSE) -> 1 | I90: =VLOOKUP(Medical_Examinations_2[[#This Row],[Customer ID]],Medical_Examinations!$1:$1048576,11,FALSE) -> Yes | J90: =VLOOKUP(Medical_Examinations_2[[#This Row],[Customer ID]],Medical_Examinations!$1:$1048576,3,FALSE) -> Obesity | K90: =VLOOKUP(Medical_Examinations_2[[#This Row],[Customer ID]],Medical_Examinations!$1:$1048576,5,FALSE) -> Prediabetes
A91: Id2247 | B91: =VLOOKUP(Customer_Names!A91,Customer_Names!$1:$1048576,4,FALSE) -> Abigail K | C91: =VLOOKUP(Medical_Examinations_2[[#This Row],[Customer ID]],Medical_Examinations!$1:$1048576,2,FALSE) -> 32.56 | D91: =VLOOKUP(Medical_Examinations_2[[#This Row],[Customer ID]],Medical_Examinations!$1:$1048576,4,FALSE) -> 5.41 | E91: =VLOOKUP(Medical_Examinations_2[[#This Row],[Customer ID]],Medical_Examinations!$1:$1048576,6,FALSE) -> No | H91: =VLOOKUP(Medical_Examinations_2[[#This Row],[Customer ID]],Medical_Examinations!$1:$1048576,9,FALSE) -> 1 | I91: =VLOOKUP(Medical_Examinations_2[[#This Row],[Customer ID]],Medical_Examinations!$1:$1048576,11,FALSE) -> Yes | J91: =VLOOKUP(Medical_Examinations_2[[#This Row],[Customer ID]],Medical_Examinations!$1:$1048576,3,FALSE) -> Obesity | K91: =VLOOKUP(Medical_Examinations_2[[#This Row],[Customer ID]],Medical_Examinations!$1:$1048576,5,FALSE) -> Normal
A92: Id2246 | B92: =VLOOKUP(Customer_Names!A92,Customer_Names!$1:$1048576,4,FALSE) -> Hope | C92: =VLOOKUP(Medical_Examinations_2[[#This Row],[Customer ID]],Medical_Examinations!$1:$1048576,2,FALSE) -> 39.05 | D92: =VLOOKUP(Medical_Examinations_2[[#This Row],[Customer ID]],Medical_Examinations!$1:$1048576,4,FALSE) -> 6.06 | E92: =VLOOKUP(Medical_Examinations_2[[#This Row],[Customer ID]],Medical_Examinations!$1:$1048576,6,FALSE) -> No | H92: =VLOOKUP(Medical_Examinations_2[[#This Row],[Customer ID]],Medical_Examinations!$1:$1048576,9,FALSE) -> 1 | I92: =VLOOKUP(Medical_Examinations_2[[#This Row],[Customer ID]],Medical_Examinations!$1:$1048576,11,FALSE) -> Yes | J92: =VLOOKUP(Medical_Examinations_2[[#This Row],[Customer ID]],Medical_Examinations!$1:$1048576,3,FALSE) -> Obesity | K92: =VLOOKUP(Medical_Examinations_2[[#This Row],[Customer ID]],Medical_Examinations!$1:$1048576,5,FALSE) -> Prediabetes
A93: Id2245 | B93: =VLOOKUP(Customer_Names!A93,Customer_Names!$1:$1048576,4,FALSE) -> Elyse M. | C93: =VLOOKUP(Medical_Examinations_2[[#This Row],[Customer ID]],Medical_Examinations!$1:$1048576,2,FALSE) -> 42.75 | D93: =VLOOKUP(Medical_Examinations_2[[#This Row],[Customer ID]],Medical_Examinations!$1:$1048576,4,FALSE) -> 4.22 | E93: =VLOOKUP(Medical_Examinations_2[[#This Row],[Customer ID]],Medical_Examinations!$1:$1048576,6,FALSE) -> No | H93: =VLOOKUP(Medical_Examinations_2[[#This Row],[Customer ID]],Medical_Examinations!$1:$1048576,9,FALSE) -> No major surgery | I93: =VLOOKUP(Medical_Examinations_2[[#This Row],[Customer ID]],Medical_Examinations!$1:$1048576,11,FALSE) -> Yes | J93: =VLOOKUP(Medical_Examinations_2[[#This Row],[Customer ID]],Medical_Examinations!$1:$1048576,3,FALSE) -> Obesity | K93: =VLOOKUP(Medical_Examinations_2[[#This Row],[Customer ID]],Medical_Examinations!$1:$1048576,5,FALSE) -> Normal
... A160: Id2178 | B160: =VLOOKUP(Customer_Names!A160,Customer_Names!$1:$1048576,4,FALSE) -> Aleksandra | C160: =VLOOKUP(Medical_Examinations_2[[#This Row],[Customer ID]],Medical_Examinations!$1:$1048576,2,FALSE) -> 31.92 | D160: =VLOOKUP(Medical_Examinations_2[[#This Row],[Customer ID]],Medical_Examinations!$1:$1048576,4,FALSE) -> 5.12 | E160: =VLOOKUP(Medical_Examinations_2[[#This Row],[Customer ID]],Medical_Examinations!$1:$1048576,6,FALSE) -> Yes | H160: =VLOOKUP(Medical_Examinations_2[[#This Row],[Customer ID]],Medical_Examinations!$1:$1048576,9,FALSE) -> 1 | I160: =VLOOKUP(Medical_Examinations_2[[#This Row],[Customer ID]],Medical_Examinations!$1:$1048576,11,FALSE) -> Yes | J160: =VLOOKUP(Medical_Examinations_2[[#This Row],[Customer ID]],Medical_Examinations!$1:$1048576,3,FALSE) -> Obesity | K160: =VLOOKUP(Medical_Examinations_2[[#This Row],[Customer ID]],Medical_Examinations!$1:$1048576,5,FALSE) -> Normal
A161: Id2177 | B161: =VLOOKUP(Customer_Names!A161,Customer_Names!$1:$1048576,4,FALSE) -> Steeve T Sr. | C161: =VLOOKUP(Medical_Examinations_2[[#This Row],[Customer ID]],Medical_Examinations!$1:$1048576,2,FALSE) -> 39.8 | D161: =VLOOKUP(Medical_Examinations_2[[#This Row],[Customer ID]],Medical_Examinations!$1:$1048576,4,FALSE) -> 10.54 | E161: =VLOOKUP(Medical_Examinations_2[[#This Row],[Customer ID]],Medical_Examinations!$1:$1048576,6,FALSE) -> Yes | H161: =VLOOKUP(Medical_Examinations_2[[#This Row],[Customer ID]],Medical_Examinations!$1:$1048576,9,FALSE) -> 2 | I161: =VLOOKUP(Medical_Examinations_2[[#This Row],[Customer ID]],Medical_Examinations!$1:$1048576,11,FALSE) -> Yes | J161: =VLOOKUP(Medical_Examinations_2[[#This Row],[Customer ID]],Medical_Examinations!$1:$1048576,3,FALSE) -> Obesity
A162: Id2176 | B162: =VLOOKUP(Customer_Names!A162,Customer_Names!$1:$1048576,4,FALSE) -> Richard | C162: =VLOOKUP(Medical_Examinations_2[[#This Row],[Customer ID]],Medical_Examinations!$1:$1048576,2,FALSE) -> 42.82 | D162: =VLOOKUP(Medical_Examinations_2[[#This Row],[Customer ID]],Medical_Examinations!$1:$1048576,4,FALSE) -> 4.21 | E162: =VLOOKUP(Medical_Examinations_2[[#This Row],[Customer ID]],Medical_Examinations!$1:$1048576,6,FALSE) -> No | H162: =VLOOKUP(Medical_Examinations_2[[#This Row],[Customer ID]],Medical_Examinations!$1:$1048576,9,FALSE) -> No major surgery | I162: =VLOOKUP(Medical_Examinations_2[[#This Row],[Customer ID]],Medical_Examinations!$1:$1048576,11,FALSE) -> Yes | J162: =VLOOKUP(Medical_Examinations_2[[#This Row],[Customer ID]],Medical_Examinations!$1:$1048576,3,FALSE) -> Obesity
A163: Id2175 | B163: =VLOOKUP(Customer_Names!A163,Customer_Names!$1:$1048576,4,FALSE) -> Aaron T | C163: =VLOOKUP(Medical_Examinations_2[[#This Row],[Customer ID]],Medical_Examinations!$1:$1048576,2,FALSE) -> 33.63 | D163: =VLOOKUP(Medical_Examinations_2[[#This Row],[Customer ID]],Medical_Examinations!$1:$1048576,4,FALSE) -> 5.42 | E163: =VLOOKUP(Medical_Examinations_2[[#This Row],[Customer ID]],Medical_Examinations!$1:$1048576,6,FALSE) -> No | H163: =VLOOKUP(Medical_Examinations_2[[#This Row],[Customer ID]],Medical_Examinations!$1:$1048576,9,FALSE) -> No major surgery | I163: =VLOOKUP(Medical_Examinations_2[[#This Row],[Customer ID]],Medical_Examinations!$1:$1048576,11,FALSE) -> Yes | J163: =VLOOKUP(Medical_Examinations_2[[#This Row],[Customer ID]],Medical_Examinations!$1:$1048576,3,FALSE) -> Obesity
A164: Id2174 | B164: =VLOOKUP(Customer_Names!A164,Customer_Names!$1:$1048576,4,FALSE) -> Akira | C164: =VLOOKUP(Medical_Examinations_2[[#This Row],[Customer ID]],Medical_Examinations!$1:$1048576,2,FALSE) -> 37.07 | D164: =VLOOKUP(Medical_Examinations_2[[#This Row],[Customer ID]],Medical_Examinations!$1:$1048576,4,FALSE) -> 4.28 | E164: =VLOOKUP(Medical_Examinations_2[[#This Row],[Customer ID]],Medical_Examinations!$1:$1048576,6,FALSE) -> No | H164: =VLOOKUP(Medical_Examinations_2[[#This Row],[Customer ID]],Medical_Examinations!$1:$1048576,9,FALSE) -> 1 | I164: =VLOOKUP(Medical_Examinations_2[[#This Row],[Customer ID]],Medical_Examinations!$1:$1048576,11,FALSE) -> Yes | J164: =VLOOKUP(Medical_Examinations_2[[#This Row],[Customer ID]],Medical_Examinations!$1:$1048576,3,FALSE) -> Obesity
A165: Id2173 | B165: =VLOOKUP(Customer_Names!A165,Customer_Names!$1:$1048576,4,FALSE) -> Ben | C165: =VLOOKUP(Medical_Examinations_2[[#This Row],[Customer ID]],Medical_Examinations!$1:$1048576,2,FALSE) -> 35.625 | D165: =VLOOKUP(Medical_Examinations_2[[#This Row],[Customer ID]],Medical_Examinations!$1:$1048576,4,FALSE) -> 8.9 | E165: =VLOOKUP(Medical_Examinations_2[[#This Row],[Customer ID]],Medical_Examinations!$1:$1048576,6,FALSE) -> No | H165: =VLOOKUP(Medical_Examinations_2[[#This Row],[Customer ID]],Medical_Examinations!$1:$1048576,9,FALSE) -> No major surgery | I165: =VLOOKUP(Medical_Examinations_2[[#This Row],[Customer ID]],Medical_Examinations!$1:$1048576,11,FALSE) -> Yes | J165: =VLOOKUP(Medical_Examinations_2[[#This Row],[Customer ID]],Medical_Examinations!$1:$1048576,3,FALSE) -> Obesity
A166: Id2172 | B166: =VLOOKUP(Customer_Names!A166,Customer_Names!$1:$1048576,4,FALSE) -> Jana | C166: =VLOOKUP(Medical_Examinations_2[[#This Row],[Customer ID]],Medical_Examinations!$1:$1048576,2,FALSE) -> 42.69 | D166: =VLOOKUP(Medical_Examinations_2[[#This Row],[Customer ID]],Medical_Examinations!$1:$1048576,4,FALSE) -> 4.89 | E166: =VLOOKUP(Medical_Examinations_2[[#This Row],[Customer ID]],Medical_Examinations!$1:$1048576,6,FALSE) -> No | H166: =VLOOKUP(Medical_Examinations_2[[#This Row],[Customer ID]],Medical_Examinations!$1:$1048576,9,FALSE) -> 1 | I166: =VLOOKUP(Medical_Examinations_2[[#This Row],[Customer ID]],Medical_Examinations!$1:$1048576,11,FALSE) -> Yes | J166: =VLOOKUP(Medical_Examinations_2[[#This Row],[Customer ID]],Medical_Examinations!$1:$1048576,3,FALSE) -> Obesity
A167: Id2171 | B167: =VLOOKUP(Customer_Names!A167,Customer_Names!$1:$1048576,4,FALSE) -> Jay T. | C167: =VLOOKUP(Medical_Examinations_2[[#This Row],[Customer ID]],Medical_Examinations!$1:$1048576,2,FALSE) -> 37.87 | D167: =VLOOKUP(Medical_Examinations_2[[#This Row],[Customer ID]],Medical_Examinations!$1:$1048576,4,FALSE) -> 4.29 | E167: =VLOOKUP(Medical_Examinations_2[[#This Row],[Customer ID]],Medical_Examinations!$1:$1048576,6,FALSE) -> Yes | H167: =VLOOKUP(Medical_Examinations_2[[#This Row],[Customer ID]],Medical_Examinations!$1:$1048576,9,FALSE) -> 1 | I167: =VLOOKUP(Medical_Examinations_2[[#This Row],[Customer ID]],Medical_Examinations!$1:$1048576,11,FALSE) -> Yes | J167: =VLOOKUP(Medical_Examinations_2[[#This Row],[Customer ID]],Medical_Examinations!$1:$1048576,3,FALSE) -> Obesity
A168: Id2170 | B168: =VLOOKUP(Customer_Names!A168,Customer_Names!$1:$1048576,4,FALSE) -> Marie-Helene | C168: =VLOOKUP(Medical_Examinations_2[[#This Row],[Customer ID]],Medical_Examinations!$1:$1048576,2,FALSE) -> 40.61 | D168: =VLOOKUP(Medical_Examinations_2[[#This Row],[Customer ID]],Medical_Examinations!$1:$1048576,4,FALSE) -> 8 | E168: =VLOOKUP(Medical_Examinations_2[[#This Row],[Customer ID]],Medical_Examinations!$1:$1048576,6,FALSE) -> Yes | H168: =VLOOKUP(Medical_Examinations_2[[#This Row],[Customer ID]],Medical_Examinations!$1:$1048576,9,FALSE) -> 1 | I168: =VLOOKUP(Medical_Examinations_2[[#This Row],[Customer ID]],Medical_Examinations!$1:$1048576,11,FALSE) -> Yes | J168: =VLOOKUP(Medical_Examinations_2[[#This Row],[Customer ID]],Medical_Examinations!$1:$1048576,3,FALSE) -> Obesity
A169: Id2169 | B169: =VLOOKUP(Customer_Names!A169,Customer_Names!$1:$1048576,4,FALSE) -> Bret R | C169: =VLOOKUP(Medical_Examinations_2[[#This Row],[Customer ID]],Medical_Examinations!$1:$1048576,2,FALSE) -> 30.78 | D169: =VLOOKUP(Medical_Examinations_2[[#This Row],[Customer ID]],Medical_Examinations!$1:$1048576,4,FALSE) -> 4.67 | E169: =VLOOKUP(Medical_Examinations_2[[#This Row],[Customer ID]],Medical_Examinations!$1:$1048576,6,FALSE) -> Yes | H169: =VLOOKUP(Medical_Examinations_2[[#This Row],[Customer ID]],Medical_Examinations!$1:$1048576,9,FALSE) -> No major surgery | I169: =VLOOKUP(Medical_Examinations_2[[#This Row],[Customer ID]],Medical_Examinations!$1:$1048576,11,FALSE) -> Yes | J169: =VLOOKUP(Medical_Examinations_2[[#This Row],[Customer ID]],Medical_Examinations!$1:$1048576,3,FALSE) -> Obesity
A170: Id2168 | B170: =VLOOKUP(Customer_Names!A170,Customer_Names!$1:$1048576,4,FALSE) -> Gardner L | C170: =VLOOKUP(Medical_Examinations_2[[#This Row],[Customer ID]],Medical_Examinations!$1:$1048576,2,FALSE) -> 49.49 | D170: =VLOOKUP(Medical_Examinations_2[[#This Row],[Customer ID]],Medical_Examinations!$1:$1048576,4,FALSE) -> 4.5 | E170: =VLOOKUP(Medical_Examinations_2[[#This Row],[Customer ID]],Medical_Examinations!$1:$1048576,6,FALSE) -> No | H170: =VLOOKUP(Medical_Examinations_2[[#This Row],[Customer ID]],Medical_Examinations!$1:$1048576,9,FALSE) -> No major surgery | I170: =VLOOKUP(Medical_Examinations_2[[#This Row],[Customer ID]],Medical_Examinations!$1:$1048576,11,FALSE) -> Yes | J170: =VLOOKUP(Medical_Examinations_2[[#This Row],[Customer ID]],Medical_Examinations!$1:$1048576,3,FALSE) -> Obesity
A171: Id2167 | B171: =VLOOKUP(Customer_Names!A171,Customer_Names!$1:$1048576,4,FALSE) -> Bobby | C171: =VLOOKUP(Medical_Examinations_2[[#This Row],[Customer ID]],Medical_Examinations!$1:$1048576,2,FALSE) -> 37.62 | D171: =VLOOKUP(Medical_Examinations_2[[#This Row],[Customer ID]],Medical_Examinations!$1:$1048576,4,FALSE) -> 6.32 | E171: =VLOOKUP(Medical_Examinations_2[[#This Row],[Customer ID]],Medical_Examinations!$1:$1048576,6,FALSE) -> Yes | H171: =VLOOKUP(Medical_Examinations_2[[#This Row],[Customer ID]],Medical_Examinations!$1:$1048576,9,FALSE) -> 2 | I171: =VLOOKUP(Medical_Examinations_2[[#This Row],[Customer ID]],Medical_Examinations!$1:$1048576,11,FALSE) -> Yes | J171: =VLOOKUP(Medical_Examinations_2[[#This Row],[Customer ID]],Medical_Examinations!$1:$1048576,3,FALSE) -> Obesity
A172: Id2166 | B172: =VLOOKUP(Customer_Names!A172,Customer_Names!$1:$1048576,4,FALSE) -> Natalie | C172: =VLOOKUP(Medical_Examinations_2[[#This Row],[Customer ID]],Medical_Examinations!$1:$1048576,2,FALSE) -> 36.08 | D172: =VLOOKUP(Medical_Examinations_2[[#This Row],[Customer ID]],Medical_Examinations!$1:$1048576,4,FALSE) -> 6.1 | E172: =VLOOKUP(Medical_Examinations_2[[#This Row],[Customer ID]],Medical_Examinations!$1:$1048576,6,FALSE) -> Yes | H172: =VLOOKUP(Medical_Examinations_2[[#This Row],[Customer ID]],Medical_Examinations!$1:$1048576,9,FALSE) -> 1 | I172: =VLOOKUP(Medical_Examinations_2[[#This Row],[Customer ID]],Medical_Examinations!$1:$1048576,11,FALSE) -> Yes | J172: =VLOOKUP(Medical_Examinations_2[[#This Row],[Customer ID]],Medical_Examinations!$1:$1048576,3,FALSE) -> Obesity
... A242: Id2096 | B242: =VLOOKUP(Customer_Names!A242,Customer_Names!$1:$1048576,4,FALSE) -> Peter W | C242: =VLOOKUP(Medical_Examinations_2[[#This Row],[Customer ID]],Medical_Examinations!$1:$1048576,2,FALSE) -> 33.72 | D242: =VLOOKUP(Medical_Examinations_2[[#This Row],[Customer ID]],Medical_Examinations!$1:$1048576,4,FALSE) -> 6.21 | E242: =VLOOKUP(Medical_Examinations_2[[#This Row],[Customer ID]],Medical_Examinations!$1:$1048576,6,FALSE) -> Yes | H242: =VLOOKUP(Medical_Examinations_2[[#This Row],[Customer ID]],Medical_Examinations!$1:$1048576,9,FALSE) -> 1 | I242: =VLOOKUP(Medical_Examinations_2[[#This Row],[Customer ID]],Medical_Examinations!$1:$1048576,11,FALSE) -> Yes | J242: =VLOOKUP(Medical_Examinations_2[[#This Row],[Customer ID]],Medical_Examinations!$1:$1048576,3,FALSE) -> Obesity
A243: Id2095 | B243: =VLOOKUP(Customer_Names!A243,Customer_Names!$1:$1048576,4,FALSE) -> Douglas | C243: =VLOOKUP(Medical_Examinations_2[[#This Row],[Customer ID]],Medical_Examinations!$1:$1048576,2,FALSE) -> 37.74 | D243: =VLOOKUP(Medical_Examinations_2[[#This Row],[Customer ID]],Medical_Examinations!$1:$1048576,4,FALSE) -> 9.53 | E243: =VLOOKUP(Medical_Examinations_2[[#This Row],[Customer ID]],Medical_Examinations!$1:$1048576,6,FALSE) -> Yes | H243: =VLOOKUP(Medical_Examinations_2[[#This Row],[Customer ID]],Medical_Examinations!$1:$1048576,9,FALSE) -> 1 | I243: =VLOOKUP(Medical_Examinations_2[[#This Row],[Customer ID]],Medical_Examinations!$1:$1048576,11,FALSE) -> Yes
A244: Id2094 | B244: =VLOOKUP(Customer_Names!A244,Customer_Names!$1:$1048576,4,FALSE) -> Dan | C244: =VLOOKUP(Medical_Examinations_2[[#This Row],[Customer ID]],Medical_Examinations!$1:$1048576,2,FALSE) -> 48.75 | D244: =VLOOKUP(Medical_Examinations_2[[#This Row],[Customer ID]],Medical_Examinations!$1:$1048576,4,FALSE) -> 4.64 | E244: =VLOOKUP(Medical_Examinations_2[[#This Row],[Customer ID]],Medical_Examinations!$1:$1048576,6,FALSE) -> Yes | H244: =VLOOKUP(Medical_Examinations_2[[#This Row],[Customer ID]],Medical_Examinations!$1:$1048576,9,FALSE) -> 1 | I244: =VLOOKUP(Medical_Examinations_2[[#This Row],[Customer ID]],Medical_Examinations!$1:$1048576,11,FALSE) -> Yes
A245: Id2093 | B245: =VLOOKUP(Customer_Names!A245,Customer_Names!$1:$1048576,4,FALSE) -> Dan M. | C245: =VLOOKUP(Medical_Examinations_2[[#This Row],[Customer ID]],Medical_Examinations!$1:$1048576,2,FALSE) -> 31.065 | D245: =VLOOKUP(Medical_Examinations_2[[#This Row],[Customer ID]],Medical_Examinations!$1:$1048576,4,FALSE) -> 5.05 | E245: =VLOOKUP(Medical_Examinations_2[[#This Row],[Customer ID]],Medical_Examinations!$1:$1048576,6,FALSE) -> No | H245: =VLOOKUP(Medical_Examinations_2[[#This Row],[Customer ID]],Medical_Examinations!$1:$1048576,9,FALSE) -> 1 | I245: =VLOOKUP(Medical_Examinations_2[[#This Row],[Customer ID]],Medical_Examinations!$1:$1048576,11,FALSE) -> Yes
A246: Id2092 | B246: =VLOOKUP(Customer_Names!A246,Customer_Names!$1:$1048576,4,FALSE) -> Eric L. | C246: =VLOOKUP(Medical_Examinations_2[[#This Row],[Customer ID]],Medical_Examinations!$1:$1048576,2,FALSE) -> 23.55 | D246: =VLOOKUP(Medical_Examinations_2[[#This Row],[Customer ID]],Medical_Examinations!$1:$1048576,4,FALSE) -> 10.38 | E246: =VLOOKUP(Medical_Examinations_2[[#This Row],[Customer ID]],Medical_Examinations!$1:$1048576,6,FALSE) -> No | H246: =VLOOKUP(Medical_Examinations_2[[#This Row],[Customer ID]],Medical_Examinations!$1:$1048576,9,FALSE) -> No major surgery | I246: =VLOOKUP(Medical_Examinations_2[[#This Row],[Customer ID]],Medical_Examinations!$1:$1048576,11,FALSE) -> Yes
A247: Id2091 | B247: =VLOOKUP(Customer_Names!A247,Customer_Names!$1:$1048576,4,FALSE) -> Les J | C247: =VLOOKUP(Medical_Examinations_2[[#This Row],[Customer ID]],Medical_Examinations!$1:$1048576,2,FALSE) -> 30.18 | D247: =VLOOKUP(Medical_Examinations_2[[#This Row],[Customer ID]],Medical_Examinations!$1:$1048576,4,FALSE) -> 8.31 | E247: =VLOOKUP(Medical_Examinations_2[[#This Row],[Customer ID]],Medical_Examinations!$1:$1048576,6,FALSE) -> Yes | H247: =VLOOKUP(Medical_Examinations_2[[#This Row],[Customer ID]],Medical_Examinations!$1:$1048576,9,FALSE) -> 1 | I247: =VLOOKUP(Medical_Examinations_2[[#This Row],[Customer ID]],Medical_Examinations!$1:$1048576,11,FALSE) -> Yes
A248: Id2090 | B248: =VLOOKUP(Customer_Names!A248,Customer_Names!$1:$1048576,4,FALSE) -> Stephanie | C248: =VLOOKUP(Medical_Examinations_2[[#This Row],[Customer ID]],Medical_Examinations!$1:$1048576,2,FALSE) -> 29.94 | D248: =VLOOKUP(Medical_Examinations_2[[#This Row],[Customer ID]],Medical_Examinations!$1:$1048576,4,FALSE) -> 7.59 | E248: =VLOOKUP(Medical_Examinations_2[[#This Row],[Customer ID]],Medical_Examinations!$1:$1048576,6,FALSE) -> No | H248: =VLOOKUP(Medical_Examinations_2[[#This Row],[Customer ID]],Medical_Examinations!$1:$1048576,9,FALSE) -> No major surgery | I248: =VLOOKUP(Medical_Examinations_2[[#This Row],[Customer ID]],Medical_Examinations!$1:$1048576,11,FALSE) -> Yes
A249: Id2089 | B249: =VLOOKUP(Customer_Names!A249,Customer_Names!$1:$1048576,4,FALSE) -> Melissa Y | C249: =VLOOKUP(Medical_Examinations_2[[#This Row],[Customer ID]],Medical_Examinations!$1:$1048576,2,FALSE) -> 31.4 | D249: =VLOOKUP(Medical_Examinations_2[[#This Row],[Customer ID]],Medical_Examinations!$1:$1048576,4,FALSE) -> 5.49 | E249: =VLOOKUP(Medical_Examinations_2[[#This Row],[Customer ID]],Medical_Examinations!$1:$1048576,6,FALSE) -> No | H249: =VLOOKUP(Medical_Examinations_2[[#This Row],[Customer ID]],Medical_Examinations!$1:$1048576,9,FALSE) -> No major surgery | I249: =VLOOKUP(Medical_Examinations_2[[#This Row],[Customer ID]],Medical_Examinations!$1:$1048576,11,FALSE) -> Yes
A250: Id2088 | B250: =VLOOKUP(Customer_Names!A250,Customer_Names!$1:$1048576,4,FALSE) -> Ashley | C250: =VLOOKUP(Medical_Examinations_2[[#This Row],[Customer ID]],Medical_Examinations!$1:$1048576,2,FALSE) -> 53.06 | D250: =VLOOKUP(Medical_Examinations_2[[#This Row],[Customer ID]],Medical_Examinations!$1:$1048576,4,FALSE) -> 11.68 | E250: =VLOOKUP(Medical_Examinations_2[[#This Row],[Customer ID]],Medical_Examinations!$1:$1048576,6,FALSE) -> No | H250: =VLOOKUP(Medical_Examinations_2[[#This Row],[Customer ID]],Medical_Examinations!$1:$1048576,9,FALSE) -> No major surgery | I250: =VLOOKUP(Medical_Examinations_2[[#This Row],[Customer ID]],Medical_Examinations!$1:$1048576,11,FALSE) -> Yes
A251: Id2087 | B251: =VLOOKUP(Customer_Names!A251,Customer_Names!$1:$1048576,4,FALSE) -> Stephanie M. | C251: =VLOOKUP(Medical_Examinations_2[[#This Row],[Customer ID]],Medical_Examinations!$1:$1048576,2,FALSE) -> 30.25 | D251: =VLOOKUP(Medical_Examinations_2[[#This Row],[Customer ID]],Medical_Examinations!$1:$1048576,4,FALSE) -> 4.19 | E251: =VLOOKUP(Medical_Examinations_2[[#This Row],[Customer ID]],Medical_Examinations!$1:$1048576,6,FALSE) -> No | H251: =VLOOKUP(Medical_Examinations_2[[#This Row],[Customer ID]],Medical_Examinations!$1:$1048576,9,FALSE) -> 2 | I251: =VLOOKUP(Medical_Examinations_2[[#This Row],[Customer ID]],Medical_Examinations!$1:$1048576,11,FALSE) -> Yes
A252: Id2086 | B252: =VLOOKUP(Customer_Names!A252,Customer_Names!$1:$1048576,4,FALSE) -> Kylie | C252: =VLOOKUP(Medical_Examinations_2[[#This Row],[Customer ID]],Medical_Examinations!$1:$1048576,2,FALSE) -> 46.68 | D252: =VLOOKUP(Medical_Examinations_2[[#This Row],[Customer ID]],Medical_Examinations!$1:$1048576,4,FALSE) -> 4.01 | E252: =VLOOKUP(Medical_Examinations_2[[#This Row],[Customer ID]],Medical_Examinations!$1:$1048576,6,FALSE) -> No | H252: =VLOOKUP(Medical_Examinations_2[[#This Row],[Customer ID]],Medical_Examinations!$1:$1048576,9,FALSE) -> No major surgery | I252: =VLOOKUP(Medical_Examinations_2[[#This Row],[Customer ID]],Medical_Examinations!$1:$1048576,11,FALSE) -> Yes
A253: Id2085 | B253: =VLOOKUP(Customer_Names!A253,Customer_Names!$1:$1048576,4,FALSE) -> Kelly | C253: =VLOOKUP(Medical_Examinations_2[[#This Row],[Customer ID]],Medical_Examinations!$1:$1048576,2,FALSE) -> 30.4 | D253: =VLOOKUP(Medical_Examinations_2[[#This Row],[Customer ID]],Medical_Examinations!$1:$1048576,4,FALSE) -> 5.91 | E253: =VLOOKUP(Medical_Examinations_2[[#This Row],[Customer ID]],Medical_Examinations!$1:$1048576,6,FALSE) -> No | H253: =VLOOKUP(Medical_Examinations_2[[#This Row],[Customer ID]],Medical_Examinations!$1:$1048576,9,FALSE) -> 2 | I253: =VLOOKUP(Medical_Examinations_2[[#This Row],[Customer ID]],Medical_Examinations!$1:$1048576,11,FALSE) -> Yes
A254: Id2084 | B254: =VLOOKUP(Customer_Names!A254,Customer_Names!$1:$1048576,4,FALSE) -> Carrie | C254: =VLOOKUP(Medical_Examinations_2[[#This Row],[Customer ID]],Medical_Examinations!$1:$1048576,2,FALSE) -> 30.2 | D254: =VLOOKUP(Medical_Examinations_2[[#This Row],[Customer ID]],Medical_Examinations!$1:$1048576,4,FALSE) -> 4.47 | E254: =VLOOKUP(Medical_Examinations_2[[#This Row],[Customer ID]],Medical_Examinations!$1:$1048576,6,FALSE) -> Yes | H254: =VLOOKUP(Medical_Examinations_2[[#This Row],[Customer ID]],Medical_Examinations!$1:$1048576,9,FALSE) -> 1 | I254: =VLOOKUP(Medical_Examinations_2[[#This Row],[Customer ID]],Medical_Examinations!$1:$1048576,11,FALSE) -> Yes
... A970: Id1370 | B970: =VLOOKUP(Customer_Names!A970,Customer_Names!$1:$1048576,4,FALSE) -> Jessica L | C970: =VLOOKUP(Medical_Examinations_2[[#This Row],[Customer ID]],Medical_Examinations!$1:$1048576,2,FALSE) -> 37.68 | D970: =VLOOKUP(Medical_Examinations_2[[#This Row],[Customer ID]],Medical_Examinations!$1:$1048576,4,FALSE) -> 4.29 | E970: =VLOOKUP(Medical_Examinations_2[[#This Row],[Customer ID]],Medical_Examinations!$1:$1048576,6,FALSE) -> Yes | H970: =VLOOKUP(Medical_Examinations_2[[#This Row],[Customer ID]],Medical_Examinations!$1:$1048576,9,FALSE) -> No major surgery | I970: =VLOOKUP(Medical_Examinations_2[[#This Row],[Customer ID]],Medical_Examinations!$1:$1048576,11,FALSE) -> No
A971: Id1369 | B971: =VLOOKUP(Customer_Names!A971,Customer_Names!$1:$1048576,4,FALSE) -> Brandon F | C971: =VLOOKUP(Medical_Examinations_2[[#This Row],[Customer ID]],Medical_Examinations!$1:$1048576,2,FALSE) -> 35.49 | D971: =VLOOKUP(Medical_Examinations_2[[#This Row],[Customer ID]],Medical_Examinations!$1:$1048576,4,FALSE) -> 4.74 | H971: =VLOOKUP(Medical_Examinations_2[[#This Row],[Customer ID]],Medical_Examinations!$1:$1048576,9,FALSE) -> 1 | I971: =VLOOKUP(Medical_Examinations_2[[#This Row],[Customer ID]],Medical_Examinations!$1:$1048576,11,FALSE) -> No
A972: Id1368 | B972: =VLOOKUP(Customer_Names!A972,Customer_Names!$1:$1048576,4,FALSE) -> Melissa | C972: =VLOOKUP(Medical_Examinations_2[[#This Row],[Customer ID]],Medical_Examinations!$1:$1048576,2,FALSE) -> 44.7 | D972: =VLOOKUP(Medical_Examinations_2[[#This Row],[Customer ID]],Medical_Examinations!$1:$1048576,4,FALSE) -> 7.6 | H972: =VLOOKUP(Medical_Examinations_2[[#This Row],[Customer ID]],Medical_Examinations!$1:$1048576,9,FALSE) -> 2 | I972: =VLOOKUP(Medical_Examinations_2[[#This Row],[Customer ID]],Medical_Examinations!$1:$1048576,11,FALSE) -> No
A973: Id1367 | B973: =VLOOKUP(Customer_Names!A973,Customer_Names!$1:$1048576,4,FALSE) -> Danielle N | C973: =VLOOKUP(Medical_Examinations_2[[#This Row],[Customer ID]],Medical_Examinations!$1:$1048576,2,FALSE) -> 38.38 | D973: =VLOOKUP(Medical_Examinations_2[[#This Row],[Customer ID]],Medical_Examinations!$1:$1048576,4,FALSE) -> 8.5 | H973: =VLOOKUP(Medical_Examinations_2[[#This Row],[Customer ID]],Medical_Examinations!$1:$1048576,9,FALSE) -> 2 | I973: =VLOOKUP(Medical_Examinations_2[[#This Row],[Customer ID]],Medical_Examinations!$1:$1048576,11,FALSE) -> No
A974: Id1366 | B974: =VLOOKUP(Customer_Names!A974,Customer_Names!$1:$1048576,4,FALSE) -> Matthew | C974: =VLOOKUP(Medical_Examinations_2[[#This Row],[Customer ID]],Medical_Examinations!$1:$1048576,2,FALSE) -> 35.245 | D974: =VLOOKUP(Medical_Examinations_2[[#This Row],[Customer ID]],Medical_Examinations!$1:$1048576,4,FALSE) -> 11.22 | H974: =VLOOKUP(Medical_Examinations_2[[#This Row],[Customer ID]],Medical_Examinations!$1:$1048576,9,FALSE) -> No major surgery | I974: =VLOOKUP(Medical_Examinations_2[[#This Row],[Customer ID]],Medical_Examinations!$1:$1048576,11,FALSE) -> No
A975: Id1365 | B975: =VLOOKUP(Customer_Names!A975,Customer_Names!$1:$1048576,4,FALSE) -> Bettina | C975: =VLOOKUP(Medical_Examinations_2[[#This Row],[Customer ID]],Medical_Examinations!$1:$1048576,2,FALSE) -> 49.84 | D975: =VLOOKUP(Medical_Examinations_2[[#This Row],[Customer ID]],Medical_Examinations!$1:$1048576,4,FALSE) -> 5.1 | H975: =VLOOKUP(Medical_Examinations_2[[#This Row],[Customer ID]],Medical_Examinations!$1:$1048576,9,FALSE) -> 1 | I975: =VLOOKUP(Medical_Examinations_2[[#This Row],[Customer ID]],Medical_Examinations!$1:$1048576,11,FALSE) -> No
A976: Id1364 | B976: =VLOOKUP(Customer_Names!A976,Customer_Names!$1:$1048576,4,FALSE) -> Alexander | C976: =VLOOKUP(Medical_Examinations_2[[#This Row],[Customer ID]],Medical_Examinations!$1:$1048576,2,FALSE) -> 49.06 | D976: =VLOOKUP(Medical_Examinations_2[[#This Row],[Customer ID]],Medical_Examinations!$1:$1048576,4,FALSE) -> 5.43 | H976: =VLOOKUP(Medical_Examinations_2[[#This Row],[Customer ID]],Medical_Examinations!$1:$1048576,9,FALSE) -> 1 | I976: =VLOOKUP(Medical_Examinations_2[[#This Row],[Customer ID]],Medical_Examinations!$1:$1048576,11,FALSE) -> No
A977: Id1363 | B977: =VLOOKUP(Customer_Names!A977,Customer_Names!$1:$1048576,4,FALSE) -> Holli | C977: =VLOOKUP(Medical_Examinations_2[[#This Row],[Customer ID]],Medical_Examinations!$1:$1048576,2,FALSE) -> 30.88 | D977: =VLOOKUP(Medical_Examinations_2[[#This Row],[Customer ID]],Medical_Examinations!$1:$1048576,4,FALSE) -> 5.82 | H977: =VLOOKUP(Medical_Examinations_2[[#This Row],[Customer ID]],Medical_Examinations!$1:$1048576,9,FALSE) -> 2 | I977: =VLOOKUP(Medical_Examinations_2[[#This Row],[Customer ID]],Medical_Examinations!$1:$1048576,11,FALSE) -> No
A978: Id1362 | B978: =VLOOKUP(Customer_Names!A978,Customer_Names!$1:$1048576,4,FALSE) -> Heather C | C978: =VLOOKUP(Medical_Examinations_2[[#This Row],[Customer ID]],Medical_Examinations!$1:$1048576,2,FALSE) -> 33.35 | D978: =VLOOKUP(Medical_Examinations_2[[#This Row],[Customer ID]],Medical_Examinations!$1:$1048576,4,FALSE) -> 6.05 | H978: =VLOOKUP(Medical_Examinations_2[[#This Row],[Customer ID]],Medical_Examinations!$1:$1048576,9,FALSE) -> 1 | I978: =VLOOKUP(Medical_Examinations_2[[#This Row],[Customer ID]],Medical_Examinations!$1:$1048576,11,FALSE) -> No
A979: Id1361 | B979: =VLOOKUP(Customer_Names!A979,Customer_Names!$1:$1048576,4,FALSE) -> Kyle | C979: =VLOOKUP(Medical_Examinations_2[[#This Row],[Customer ID]],Medical_Examinations!$1:$1048576,2,FALSE) -> 38 | D979: =VLOOKUP(Medical_Examinations_2[[#This Row],[Customer ID]],Medical_Examinations!$1:$1048576,4,FALSE) -> 6.38 | H979: =VLOOKUP(Medical_Examinations_2[[#This Row],[Customer ID]],Medical_Examinations!$1:$1048576,9,FALSE) -> 1 | I979: =VLOOKUP(Medical_Examinations_2[[#This Row],[Customer ID]],Medical_Examinations!$1:$1048576,11,FALSE) -> No
A980: Id1360 | B980: =VLOOKUP(Customer_Names!A980,Customer_Names!$1:$1048576,4,FALSE) -> Thomas J | C980: =VLOOKUP(Medical_Examinations_2[[#This Row],[Customer ID]],Medical_Examinations!$1:$1048576,2,FALSE) -> 36.08 | D980: =VLOOKUP(Medical_Examinations_2[[#This Row],[Customer ID]],Medical_Examinations!$1:$1048576,4,FALSE) -> 5.73 | H980: =VLOOKUP(Medical_Examinations_2[[#This Row],[Customer ID]],Medical_Examinations!$1:$1048576,9,FALSE) -> 1 | I980: =VLOOKUP(Medical_Examinations_2[[#This Row],[Customer ID]],Medical_Examinations!$1:$1048576,11,FALSE) -> No
A981: Id1359 | B981: =VLOOKUP(Customer_Names!A981,Customer_Names!$1:$1048576,4,FALSE) -> Chris | C981: =VLOOKUP(Medical_Examinations_2[[#This Row],[Customer ID]],Medical_Examinations!$1:$1048576,2,FALSE) -> 35.7 | D981: =VLOOKUP(Medical_Examinations_2[[#This Row],[Customer ID]],Medical_Examinations!$1:$1048576,4,FALSE) -> 5.47 | H981: =VLOOKUP(Medical_Examinations_2[[#This Row],[Customer ID]],Medical_Examinations!$1:$1048576,9,FALSE) -> 1 | I981: =VLOOKUP(Medical_Examinations_2[[#This Row],[Customer ID]],Medical_Examinations!$1:$1048576,11,FALSE) -> No
A982: Id1358 | B982: =VLOOKUP(Customer_Names!A982,Customer_Names!$1:$1048576,4,FALSE) -> Graham | C982: =VLOOKUP(Medical_Examinations_2[[#This Row],[Customer ID]],Medical_Examinations!$1:$1048576,2,FALSE) -> 34.01 | D982: =VLOOKUP(Medical_Examinations_2[[#This Row],[Customer ID]],Medical_Examinations!$1:$1048576,4,FALSE) -> 11.3 | H982: =VLOOKUP(Medical_Examinations_2[[#This Row],[Customer ID]],Medical_Examinations!$1:$1048576,9,FALSE) -> No major surgery | I982: =VLOOKUP(Medical_Examinations_2[[#This Row],[Customer ID]],Medical_Examinations!$1:$1048576,11,FALSE) -> No
... A990: Id1350 | B990: =VLOOKUP(Customer_Names!A990,Customer_Names!$1:$1048576,4,FALSE) -> Jasmine P. | C990: =VLOOKUP(Medical_Examinations_2[[#This Row],[Customer ID]],Medical_Examinations!$1:$1048576,2,FALSE) -> 24.91 | D990: =VLOOKUP(Medical_Examinations_2[[#This Row],[Customer ID]],Medical_Examinations!$1:$1048576,4,FALSE) -> 7.33 | H990: =VLOOKUP(Medical_Examinations_2[[#This Row],[Customer ID]],Medical_Examinations!$1:$1048576,9,FALSE) -> 1 | I990: =VLOOKUP(Medical_Examinations_2[[#This Row],[Customer ID]],Medical_Examinations!$1:$1048576,11,FALSE) -> No
A991: Id1349 | H991: =VLOOKUP(Medical_Examinations_2[[#This Row],[Customer ID]],Medical_Examinations!$1:$1048576,9,FALSE) -> No major surgery | I991: =VLOOKUP(Medical_Examinations_2[[#This Row],[Customer ID]],Medical_Examinations!$1:$1048576,11,FALSE) -> No
A992: Id1348 | H992: =VLOOKUP(Medical_Examinations_2[[#This Row],[Customer ID]],Medical_Examinations!$1:$1048576,9,FALSE) -> 2 | I992: =VLOOKUP(Medical_Examinations_2[[#This Row],[Customer ID]],Medical_Examinations!$1:$1048576,11,FALSE) -> No
A993: Id1347 | H993: =VLOOKUP(Medical_Examinations_2[[#This Row],[Customer ID]],Medical_Examinations!$1:$1048576,9,FALSE) -> 1 | I993: =VLOOKUP(Medical_Examinations_2[[#This Row],[Customer ID]],Medical_Examinations!$1:$1048576,11,FALSE) -> No
A994: Id1346 | H994: =VLOOKUP(Medical_Examinations_2[[#This Row],[Customer ID]],Medical_Examinations!$1:$1048576,9,FALSE) -> 2 | I994: =VLOOKUP(Medical_Examinations_2[[#This Row],[Customer ID]],Medical_Examinations!$1:$1048576,11,FALSE) -> No
A995: Id1345 | H995: =VLOOKUP(Medical_Examinations_2[[#This Row],[Customer ID]],Medical_Examinations!$1:$1048576,9,FALSE) -> No major surgery | I995: =VLOOKUP(Medical_Examinations_2[[#This Row],[Customer ID]],Medical_Examinations!$1:$1048576,11,FALSE) -> No
A996: Id1344 | H996: =VLOOKUP(Medical_Examinations_2[[#This Row],[Customer ID]],Medical_Examinations!$1:$1048576,9,FALSE) -> 1 | I996: =VLOOKUP(Medical_Examinations_2[[#This Row],[Customer ID]],Medical_Examinations!$1:$1048576,11,FALSE) -> No
A997: Id1343 | H997: =VLOOKUP(Medical_Examinations_2[[#This Row],[Customer ID]],Medical_Examinations!$1:$1048576,9,FALSE) -> No major surgery | I997: =VLOOKUP(Medical_Examinations_2[[#This Row],[Customer ID]],Medical_Examinations!$1:$1048576,11,FALSE) -> No
...

Sheet Sheet4
A3: Row Labels | B3: Count of Cancer history | E3: Row Labels | F3: Sum of NumberOfMajorSurgeries | G3: Sum of HBA1C | I3: Count of $charges | J3: Column Labels
A4: No | E4: No | F4: 47 | G4: 450.53 | I4: Row Labels | J4: Diabetes | K4: Normal | L4: Prediabetes | M4: (blank) | N4: Grand Total
A5: Yes | B5: 24 | E5: yes | F5: 1 | G5: 4.19 | I5: Normal weight
A6: (blank) | E6: (blank) | F6: #VALUE! | G6: 6436.63 | I6: Obesity | J6: 50 | K6: 17 | L6: 13 | N6: 80
A7: Grand Total | B7: 24 | E7: Grand Total | F7: #VALUE! | G7: 6891.35 | I7: Over weight
I8: (blank)
I9: Grand Total | J9: 50 | K9: 17 | L9: 13 | N9: 80
A19: Count of $charges | B19: Column Labels | H19: Row Labels | I19: Count of $charges
A20: Row Labels | B20: tier - 2 | C20: tier - 3 | D20: tier-2 | E20: (blank) | F20: Grand Total | H20: 22 | I20: 17
A21: R1011 | B21: 8 | C21: 2 | F21: 10 | H21: 23 | I21: 9
A22: R1012 | B22: 6 | C22: 5 | F22: 11 | H22: 24 | I22: 12
A23: R1013 | B23: 18 | C23: 40 | D23: 1 | F23: 59 | H23: 25 | I23: 5
A24: (blank) | H24: 26 | I24: 2
A25: Grand Total | B25: 32 | C25: 47 | D25: 1 | F25: 80 | H25: 27 | I25: 4
H26: 28 | I26: 4
H27: 29 | I27: 4
H28: 30 | I28: 4
H29: 31 | I29: 5
H30: 32 | I30: 4
H31: 33 | I31: 6
H32: 34 | I32: 4
H33: (blank)
H34: Grand Total | I34: 80

Sheet Sheet5
C1: DASHBOARD
