Workbook

Sheet Instructions
A1: Perform the following in the dataset from the 'Dataset' sheet.
B3: 1) Handling Missing Values:
C4: • Check for missing values in the 'Price' column. How would you handle products with missing price information?
C5: • If there are products with missing categories, propose a strategy to impute or deal with these missing values effectively.
B7: 2) Correcting Inconsistent Data:
C8: • Identify any inconsistent text formats present in the "Product Name" column.
C9: • Identify any typos present in the "Category" column.
C10: • Use the find and replace function to standardize the text formats in the "Product Name" column and fix any typos or misspellings in the "Category" column.
B12: 3) Removing Duplicates:
C13: • Identify any duplicate rows within the dataset based on the entirety of each row, and remove them if any.
B15: 4) Splitting and Merging Data:
C16: • Split the "Product ID" column into two separate columns for " Manufacturing Date" and "Country Code". Remove unnecessary characters, if any.
C17: • Merge the "Brand Name" and "Product Name" columns into one column named "Product Brand".
B19: 5) Number Formatting:
C20: • Format the data type of the "Price" column to currency format.
C21: • Format the "Manufacturing Date" column to display dates in the "DD-MM-YYYY " format.
B23: 6) Conditional Formatting:
C24: • Apply data bar or color scales conditional formatting in the "Price" column.
C25: • Create a custom rule for conditional formatting in the "Category" column to highlight cells where the category is "Electronics."

Sheet Dataset
A1: Product ID | B1: Manufacturing date | C1: Country code | D1: Product Name | E1: Brand Name | F1: Product Brand | G1: Price ($) | H1: Price 2 | I1: Price impute | J1: Quantity | K1: Category | L1: Category Replace
A2: 28-JAN-US | B2: =LEFT(A2,6) -> 28-JAN | C2: =RIGHT(A2,2) -> US | D2: Laptop | E2: Dell | F2: =CONCATENATE(Dataset!E2," ",Dataset!D2) -> Dell Laptop | G2: 1000 | H2: 1000 | I2: =IF(ISBLANK(G2), AVERAGE(G2:G35),G2) -> 1000 | J2: 30 | K2: Electronics | L2: =IF(ISBLANK(K2), "Unknown",K2) -> Electronics
A3: 15-FEB-US | B3: =LEFT(A3,6) -> 15-FEB | C3: =RIGHT(A3,2) -> US | D3: Sneakers | E3: Nike | F3: =CONCATENATE(Dataset!E3," ",Dataset!D3) -> Nike Sneakers | G3: 80 | H3: 80 | I3: =IF(ISBLANK(G3), AVERAGE(G3:G36),G3) -> 80 | J3: 15 | K3: Fashion | L3: =IF(ISBLANK(K3), "Unknown",K3) -> Fashion
A4: 03-MAR-US | B4: =LEFT(A4,6) -> 03-MAR | C4: =RIGHT(A4,2) -> US | D4: Coffee Maker | E4: Keurig | F4: =CONCATENATE(Dataset!E4," ",Dataset!D4) -> Keurig Coffee Maker | G4: 130 | H4: 130 | I4: =IF(ISBLANK(G4), AVERAGE(G4:G36),G4) -> 130 | J4: 40 | K4: Kitchen | L4: =IF(ISBLANK(K4), "Unknown",K4) -> Kitchen
A5: 11-APR-US | B5: =LEFT(A5,6) -> 11-APR | C5: =RIGHT(A5,2) -> US | D5: Smartphone | E5: Samsung | F5: =CONCATENATE(Dataset!E5," ",Dataset!D5) -> Samsung Smartphone | G5: 900 | H5: 900 | I5: =IF(ISBLANK(G5), AVERAGE(G5:G38),G5) -> 900 | J5: 25 | K5: Electronics | L5: =IF(ISBLANK(K5), "Unknown",K5) -> Electronics
A6: 22-MAY-US | B6: =LEFT(A6,6) -> 22-MAY | C6: =RIGHT(A6,2) -> US | D6: Backpack | E6: North Face | F6: =CONCATENATE(Dataset!E6," ",Dataset!D6) -> North Face Backpack | G6: 70 | H6: 70 | I6: =IF(ISBLANK(G6), AVERAGE(G6:G39),G6) -> 70 | J6: 20 | L6: =IF(ISBLANK(K6), "Unknown",K6) -> Unknown
A7: 07-JUN-UK | B7: =LEFT(A7,6) -> 07-JUN | C7: =RIGHT(A7,2) -> UK | D7: Headphones | E7: Sony | F7: =CONCATENATE(Dataset!E7," ",Dataset!D7) -> Sony Headphones | I7: =IF(ISBLANK(G7), AVERAGE(G7:G40),G7) -> 256.91667 | J7: 45 | K7: Electronics | L7: =IF(ISBLANK(K7), "Unknown",K7) -> Electronics
A8: 19-JUL-UK | B8: =LEFT(A8,6) -> 19-JUL | C8: =RIGHT(A8,2) -> UK | D8: T-shirt | E8: Adidas | F8: =CONCATENATE(Dataset!E8," ",Dataset!D8) -> Adidas T-shirt | G8: 30 | H8: 30 | I8: =IF(ISBLANK(G8), AVERAGE(G8:G41),G8) -> 30 | J8: 5 | K8: Fashion | L8: =IF(ISBLANK(K8), "Unknown",K8) -> Fashion
A9: 23-AUG-UK | B9: =LEFT(A9,6) -> 23-AUG | C9: =RIGHT(A9,2) -> UK | D9: Blender | E9: Ninja | F9: =CONCATENATE(Dataset!E9," ",Dataset!D9) -> Ninja Blender | G9: 90 | H9: 90 | I9: =IF(ISBLANK(G9), AVERAGE(G9:G42),G9) -> 90 | J9: 35 | K9: Kitchen | L9: =IF(ISBLANK(K9), "Unknown",K9) -> Kitchen
A10: 05-SEP-UK | B10: =LEFT(A10,6) -> 05-SEP | C10: =RIGHT(A10,2) -> UK | D10: Tablet | E10: Apple | F10: =CONCATENATE(Dataset!E10," ",Dataset!D10) -> Apple Tablet | G10: 500 | H10: 500 | I10: =IF(ISBLANK(G10), AVERAGE(G10:G43),G10) -> 500 | J10: 50 | K10: Electronics | L10: =IF(ISBLANK(K10), "Unknown",K10) -> Electronics
A11: 14-OCT-UK | B11: =LEFT(A11,6) -> 14-OCT | C11: =RIGHT(A11,2) -> UK | D11: Hiking Boots | E11: Timberland | F11: =CONCATENATE(Dataset!E11," ",Dataset!D11) -> Timberland Hiking Boots | G11: 130 | H11: 130 | I11: =IF(ISBLANK(G11), AVERAGE(G11:G44),G11) -> 130 | J11: 10 | K11: Outdoor | L11: =IF(ISBLANK(K11), "Unknown",K11) -> Outdoor
A12: 17-JUN-IN | B12: =LEFT(A12,6) -> 17-JUN | C12: =RIGHT(A12,2) -> IN | D12: Laptop | E12: HP | F12: =CONCATENATE(Dataset!E12," ",Dataset!D12) -> HP Laptop | G12: 950 | H12: 950 | I12: =IF(ISBLANK(G12), AVERAGE(G12:G45),G12) -> 950 | J12: 25 | K12: Electronics | L12: =IF(ISBLANK(K12), "Unknown",K12) -> Electronics
A13: 25-NOV-AU | B13: =LEFT(A13,6) -> 25-NOV | C13: =RIGHT(A13,2) -> AU | D13: Sneakers | E13: Adidas | F13: =CONCATENATE(Dataset!E13," ",Dataset!D13) -> Adidas Sneakers | G13: 90 | H13: 90 | I13: =IF(ISBLANK(G13), AVERAGE(G13:G46),G13) -> 90 | J13: 40 | L13: =IF(ISBLANK(K13), "Unknown",K13) -> Unknown
A14: 08-DEC-DE | B14: =LEFT(A14,6) -> 08-DEC | C14: =RIGHT(A14,2) -> DE | D14: Coffee Maker | E14: Nespresso | F14: =CONCATENATE(Dataset!E14," ",Dataset!D14) -> Nespresso Coffee Maker | G14: 120 | H14: 120 | I14: =IF(ISBLANK(G14), AVERAGE(G14:G47),G14) -> 120 | J14: 35 | L14: =IF(ISBLANK(K14), "Unknown",K14) -> Unknown
A15: 18-FEB-CA | B15: =LEFT(A15,6) -> 18-FEB | C15: =RIGHT(A15,2) -> CA | D15: Smartwatch | E15: Fitbit | F15: =CONCATENATE(Dataset!E15," ",Dataset!D15) -> Fitbit Smartwatch | G15: 150 | H15: 150 | I15: =IF(ISBLANK(G15), AVERAGE(G15:G48),G15) -> 150 | J15: 15 | K15: Electronics | L15: =IF(ISBLANK(K15), "Unknown",K15) -> Electronics
A16: 16-APR-ES | B16: =LEFT(A16,6) -> 16-APR | C16: =RIGHT(A16,2) -> ES | D16: Headphones | E16: Bose | F16: =CONCATENATE(Dataset!E16," ",Dataset!D16) -> Bose Headphones | G16: 250 | H16: 250 | I16: =IF(ISBLANK(G16), AVERAGE(G16:G49),G16) -> 250 | J16: 20 | K16: Electronics | L16: =IF(ISBLANK(K16), "Unknown",K16) -> Electronics
A17: 21-AUG-CA | B17: =LEFT(A17,6) -> 21-AUG | C17: =RIGHT(A17,2) -> CA | D17: Laptop Bag | E17: Samsonite | F17: =CONCATENATE(Dataset!E17," ",Dataset!D17) -> Samsonite Laptop Bag | G17: 50 | H17: 50 | I17: =IF(ISBLANK(G17), AVERAGE(G17:G50),G17) -> 50 | J17: 35 | K17: Accessories | L17: =IF(ISBLANK(K17), "Unknown",K17) -> Accessories
A18: 20-AUG-CN | B18: =LEFT(A18,6) -> 20-AUG | C18: =RIGHT(A18,2) -> CN | D18: Smartwatch | E18: Huawei | F18: =CONCATENATE(Dataset!E18," ",Dataset!D18) -> Huawei Smartwatch | G18: 160 | H18: 160 | I18: =IF(ISBLANK(G18), AVERAGE(G18:G51),G18) -> 160 | J18: 15 | K18: Electronics | L18: =IF(ISBLANK(K18), "Unknown",K18) -> Electronics
A19: 27-JAN-IT | B19: =LEFT(A19,6) -> 27-JAN | C19: =RIGHT(A19,2) -> IT | D19: Laptop | E19: Asus | F19: =CONCATENATE(Dataset!E19," ",Dataset!D19) -> Asus Laptop | G19: 980 | H19: 980 | I19: =IF(ISBLANK(G19), AVERAGE(G19:G52),G19) -> 980 | J19: 10 | K19: Electronics | L19: =IF(ISBLANK(K19), "Unknown",K19) -> Electronics
A20: 01-MAR-UK | B20: =LEFT(A20,6) -> 01-MAR | C20: =RIGHT(A20,2) -> UK | D20: Sunglasses | E20: Oakley | F20: =CONCATENATE(Dataset!E20," ",Dataset!D20) -> Oakley Sunglasses | G20: 150 | H20: 150 | I20: =IF(ISBLANK(G20), AVERAGE(G20:G53),G20) -> 150 | J20: 15 | K20: Fashion | L20: =IF(ISBLANK(K20), "Unknown",K20) -> Fashion
A21: 14-AUG-US | B21: =LEFT(A21,6) -> 14-AUG | C21: =RIGHT(A21,2) -> US | D21: Camping Tent | E21: Coleman | F21: =CONCATENATE(Dataset!E21," ",Dataset!D21) -> Coleman Camping Tent | I21: =IF(ISBLANK(G21), AVERAGE(G21:G54),G21) -> 228.72727 | J21: 10 | K21: Outdoor | L21: =IF(ISBLANK(K21), "Unknown",K21) -> Outdoor
A22: 14-MAY-RU | B22: =LEFT(A22,6) -> 14-MAY | C22: =RIGHT(A22,2) -> RU | D22: Camera | E22: Nikon | F22: =CONCATENATE(Dataset!E22," ",Dataset!D22) -> Nikon Camera | G22: 700 | H22: 700 | I22: =IF(ISBLANK(G22), AVERAGE(G22:G55),G22) -> 700 | J22: 50 | K22: Electronics | L22: =IF(ISBLANK(K22), "Unknown",K22) -> Electronics
A23: 09-JAN-CA | B23: =LEFT(A23,6) -> 09-JAN | C23: =RIGHT(A23,2) -> CA | D23: Microwave | E23: Panasonic | F23: =CONCATENATE(Dataset!E23," ",Dataset!D23) -> Panasonic Microwave | G23: 80 | H23: 80 | I23: =IF(ISBLANK(G23), AVERAGE(G23:G56),G23) -> 80 | J23: 20 | K23: Kitchen | L23: =IF(ISBLANK(K23), "Unknown",K23) -> Kitchen
A24: 19-JUL-BR | B24: =LEFT(A24,6) -> 19-JUL | C24: =RIGHT(A24,2) -> BR | D24: Fitness Tracker | E24: Xiaomi | F24: =CONCATENATE(Dataset!E24," ",Dataset!D24) -> Xiaomi Fitness Tracker | G24: 150 | H24: 150 | I24: =IF(ISBLANK(G24), AVERAGE(G24:G57),G24) -> 150 | J24: 30 | L24: =IF(ISBLANK(K24), "Unknown",K24) -> Unknown
A25: 29-SEP-CA | B25: =LEFT(A25,6) -> 29-SEP | C25: =RIGHT(A25,2) -> CA | D25: Smartphone | E25: Google | F25: =CONCATENATE(Dataset!E25," ",Dataset!D25) -> Google Smartphone | G25: 800 | H25: 800 | I25: =IF(ISBLANK(G25), AVERAGE(G25:G58),G25) -> 800 | J25: 45 | K25: Electronics | L25: =IF(ISBLANK(K25), "Unknown",K25) -> Electronics
A26: 03-JUN-CA | B26: =LEFT(A26,6) -> 03-JUN | C26: =RIGHT(A26,2) -> CA | D26: Sunglasses | E26: Ray-Ban | F26: =CONCATENATE(Dataset!E26," ",Dataset!D26) -> Ray-Ban Sunglasses | I26: =IF(ISBLANK(G26), AVERAGE(G26:G59),G26) -> 112.28571 | J26: 25 | K26: Fashion | L26: =IF(ISBLANK(K26), "Unknown",K26) -> Fashion
A27: 11-JUL-CA | B27: =LEFT(A27,6) -> 11-JUL | C27: =RIGHT(A27,2) -> CA | D27: Blender | E27: Vitamix | F27: =CONCATENATE(Dataset!E27," ",Dataset!D27) -> Vitamix Blender | G27: 400 | H27: 400 | I27: =IF(ISBLANK(G27), AVERAGE(G27:G60),G27) -> 400 | J27: 40 | K27: Kitchen | L27: =IF(ISBLANK(K27), "Unknown",K27) -> Kitchen
A28: 07-MAR-CA | B28: =LEFT(A28,6) -> 07-MAR | C28: =RIGHT(A28,2) -> CA | D28: Dress | E28: Zara | F28: =CONCATENATE(Dataset!E28," ",Dataset!D28) -> Zara Dress | G28: 60 | H28: 60 | I28: =IF(ISBLANK(G28), AVERAGE(G28:G61),G28) -> 60 | J28: 30 | K28: Fashion | L28: =IF(ISBLANK(K28), "Unknown",K28) -> Fashion
A29: 13-APR-CA | B29: =LEFT(A29,6) -> 13-APR | C29: =RIGHT(A29,2) -> CA | D29: Toaster | E29: Hamilton | F29: =CONCATENATE(Dataset!E29," ",Dataset!D29) -> Hamilton Toaster | G29: 40 | H29: 40 | I29: =IF(ISBLANK(G29), AVERAGE(G29:G62),G29) -> 40 | J29: 10 | K29: Kitchen | L29: =IF(ISBLANK(K29), "Unknown",K29) -> Kitchen
A30: 24-MAY-CA | B30: =LEFT(A30,6) -> 24-MAY | C30: =RIGHT(A30,2) -> CA | D30: Fitness Tracker | E30: Garmin | F30: =CONCATENATE(Dataset!E30," ",Dataset!D30) -> Garmin Fitness Tracker | G30: 130 | H30: 130 | I30: =IF(ISBLANK(G30), AVERAGE(G30:G63),G30) -> 130 | J30: 5 | K30: Electronics | L30: =IF(ISBLANK(K30), "Unknown",K30) -> Electronics
A31: 02-DEC-CA | B31: =LEFT(A31,6) -> 02-DEC | C31: =RIGHT(A31,2) -> CA | D31: Jeans | E31: Levi's | F31: =CONCATENATE(Dataset!E31," ",Dataset!D31) -> Levi's Jeans | G31: 50 | H31: 50 | I31: =IF(ISBLANK(G31), AVERAGE(G31:G64),G31) -> 50 | J31: 50 | K31: Fashion | L31: =IF(ISBLANK(K31), "Unknown",K31) -> Fashion
A32: 09-JUL-FR | B32: =LEFT(A32,6) -> 09-JUL | C32: =RIGHT(A32,2) -> FR | D32: Watch | E32: Casio | F32: =CONCATENATE(Dataset!E32," ",Dataset!D32) -> Casio Watch | G32: 100 | H32: 100 | I32: =IF(ISBLANK(G32), AVERAGE(G32:G65),G32) -> 100 | J32: 20 | K32: Accessories | L32: =IF(ISBLANK(K32), "Unknown",K32) -> Accessories
D34: 1 | E34: MISSING VALUES | G34: =COUNTBLANK(G2:G35) -> 6
